canton,2012_1_tweets,2012_2_tweets,2012_3_tweets,2012_4_tweets,2012_5_tweets,2012_6_tweets,2012_7_tweets,2012_8_tweets,2012_9_tweets,2012_10_tweets,2012_11_tweets,2012_12_tweets,2012_13_tweets,2012_14_tweets,2012_15_tweets,2012_16_tweets,2012_17_tweets,2012_18_tweets,2012_19_tweets,2012_20_tweets,2012_21_tweets,2012_22_tweets,2012_23_tweets,2012_24_tweets,2012_25_tweets,2012_26_tweets,2012_27_tweets,2012_28_tweets,2012_29_tweets,2012_30_tweets,2012_31_tweets,2012_32_tweets,2012_33_tweets,2012_34_tweets,2012_35_tweets,2012_36_tweets,2012_37_tweets,2012_38_tweets,2012_39_tweets,2012_40_tweets,2012_41_tweets,2012_42_tweets,2012_43_tweets,2012_44_tweets,2012_45_tweets,2012_46_tweets,2012_47_tweets,2012_48_tweets,2012_49_tweets,2012_50_tweets,2012_51_tweets,2012_52_tweets,2013_1_tweets,2013_2_tweets,2013_3_tweets,2013_4_tweets,2013_5_tweets,2013_6_tweets,2013_7_tweets,2013_8_tweets,2013_9_tweets,2013_10_tweets,2013_11_tweets,2013_12_tweets,2013_13_tweets,2013_14_tweets,2013_15_tweets,2013_16_tweets,2013_17_tweets,2013_18_tweets,2013_19_tweets,2013_20_tweets,2013_21_tweets,2013_22_tweets,2013_23_tweets,2013_24_tweets,2013_25_tweets,2013_26_tweets,2013_27_tweets,2013_28_tweets,2013_29_tweets,2013_30_tweets,2013_31_tweets,2013_32_tweets,2013_33_tweets,2013_34_tweets,2013_35_tweets,2013_36_tweets,2013_37_tweets,2013_38_tweets,2013_39_tweets,2013_40_tweets,2013_41_tweets,2013_42_tweets,2013_43_tweets,2013_44_tweets,2013_45_tweets,2013_46_tweets,2013_47_tweets,2013_48_tweets,2013_49_tweets,2013_50_tweets,2013_51_tweets,2013_52_tweets,2014_1_tweets,2014_2_tweets,2014_3_tweets,2014_4_tweets,2014_5_tweets,2014_6_tweets,2014_7_tweets,2014_8_tweets,2014_9_tweets,2014_10_tweets,2014_11_tweets,2014_12_tweets,2014_13_tweets,2014_14_tweets,2014_15_tweets,2014_16_tweets,2014_17_tweets,2014_18_tweets,2014_19_tweets,2014_20_tweets,2014_21_tweets,2014_22_tweets,2014_23_tweets,2014_24_tweets,2014_25_tweets,2014_26_tweets,2014_27_tweets,2014_28_tweets,2014_29_tweets,2014_30_tweets,2014_31_tweets,2014_32_tweets,2014_33_tweets,2014_34_tweets,2014_35_tweets,2014_36_tweets,2014_37_tweets,2014_38_tweets,2014_39_tweets,2014_40_tweets,2014_41_tweets,2014_42_tweets,2014_43_tweets,2014_44_tweets,2014_45_tweets,2014_46_tweets,2014_47_tweets,2014_48_tweets,2014_49_tweets,2014_50_tweets,2014_51_tweets,2014_52_tweets,2015_1_tweets,2015_2_tweets,2015_3_tweets,2015_4_tweets,2015_5_tweets,2015_6_tweets,2015_7_tweets,2015_8_tweets,2015_9_tweets,2015_10_tweets,2015_11_tweets,2015_12_tweets,2015_13_tweets,2015_14_tweets,2015_15_tweets,2015_16_tweets,2015_17_tweets,2015_18_tweets,2015_19_tweets,2015_20_tweets,2015_21_tweets,2015_22_tweets,2015_23_tweets,2015_24_tweets,2015_25_tweets,2015_26_tweets,2015_27_tweets,2015_28_tweets,2015_29_tweets,2015_30_tweets,2015_31_tweets,2015_32_tweets,2015_33_tweets,2015_34_tweets,2015_35_tweets,2015_36_tweets,2015_37_tweets,2015_38_tweets,2015_39_tweets,2015_40_tweets,2015_41_tweets,2015_42_tweets,2015_43_tweets,2015_44_tweets,2015_45_tweets,2015_46_tweets,2015_47_tweets,2015_48_tweets,2015_49_tweets,2015_50_tweets,2015_51_tweets,2015_52_tweets,2016_1_tweets,2016_2_tweets,2016_3_tweets,2016_4_tweets,2016_5_tweets,2016_6_tweets,2016_7_tweets,2016_8_tweets,2016_9_tweets,2016_10_tweets,2016_11_tweets,2016_12_tweets,2016_13_tweets,2016_14_tweets,2016_15_tweets,2016_16_tweets,2016_17_tweets,2016_18_tweets,2016_19_tweets,2016_20_tweets,2016_21_tweets,2016_22_tweets,2016_23_tweets,2016_24_tweets,2016_25_tweets,2016_26_tweets,2016_27_tweets,2016_28_tweets,2016_29_tweets,2016_30_tweets,2016_31_tweets,2016_32_tweets,2016_33_tweets,2016_34_tweets,2016_35_tweets,2016_36_tweets,2016_37_tweets,2016_38_tweets,2016_39_tweets,2016_40_tweets,2016_41_tweets,2016_42_tweets,2016_43_tweets,2016_44_tweets,2016_45_tweets,2016_46_tweets,2016_47_tweets,2016_48_tweets,2016_49_tweets,2016_50_tweets,2016_51_tweets,2016_52_tweets
AG,289,34.0,54.0,82.0,59.0,37.0,63.0,65.0,49.0,58.0,84.0,72.0,44.0,45.0,47.0,256,490,442,639,582,622,754,956,926,771,625,588,608,535,571,931,640,748,483,669,350,No Data,445,740,888,754,890,854,714,675,649,756,840,813,790,654,770,1035,837,979,768,805.0,648,715,878,452,785,817,829,733,561,944,555,1019,1009,833,786,1080,1134,1067,1488,1399,597,No Data,No Data,No Data,No Data,No Data,No Data,No Data,No Data,No Data,No Data,No Data,189,614,567,661,897,936,709,822,986,1171,1528,1441,1334,1202,1194,3023,261,979,968,980.0,1070,1119,1202,1188,1079,966,1019,1576,1005,798,758,842,835,703,879,822,1020,850,1334,1070,1033,1131,1322,1075,1052,1028,1077,1054,1242,1240,971,925,985,787,586,82,No Data,No Data,643,849,812,656,710,505,431,490,595,212,646,776,694,659,No Data,877,1034,856,811,117,No Data,No Data,No Data,No Data,No Data,636,1182,1141,1050,1279,1574,1219,804,1011,1298,1337,1127,875,1169,797,926,782,1029,985,847,917,1279,351,No Data,No Data,No Data,829,6378,5226,4926,5632,1129,1015,1104,1060,864,979,993,735,711,889.0,973,831,779,777,792,853,835,872,737,838,1010,1472,715,1153,1275,2000,1259,1105,1177,1108,1030,1023,763,1095,906,1258,1078,524,No Data,No Data,820,922,No Data,No Data,No Data,No Data,No Data,No Data,No Data,No Data,No Data,No Data,No Data,No Data,No Data,No Data,No Data
AI,1,No Data,2.0,No Data,No Data,No Data,No Data,No Data,1.0,No Data,No Data,No Data,No Data,No Data,1.0,13,7,32,21,22,42,27,28,4,10,2,10,29,6,21,30,8,3,12,7,3,1.0,2,5,1,3,1,3,17,12,8,4,3,2,3,5,6,14,5,5,13,No Data,1,19,5,6,7,3,7,20,24,3,4,6,10,18,13,15,15,15,15,19,12,No Data,No Data,No Data,No Data,No Data,No Data,No Data,No Data,No Data,No Data,No Data,1,9,12,12,4,12,11,6,11,4,13,3,8,4,7,10,1,7,8,No Data,8,1,11,5,12,1,14,9,5,10,2,16,25,13,48,30,15,20,34,12,40,14,8,27,29,3,11,19,46,37,23,17,18,16,16,3,No Data,No Data,1,5,15,32,9,7,7,1,9,2,5,2,4,9,No Data,13,12,7,8,1,No Data,No Data,No Data,No Data,No Data,1,11,5,12,35,7,11,6,12,13,18,15,27,28,89,9,32,17,12,29,23,32,9,No Data,No Data,No Data,7,25,26,41,26,21,31,18,17,36,6,8,12,9,No Data,7,2,6,4,12,8,52,14,12,7,18,8,18,12,6,17,44,20,8,14,34,37,10,20,28,21,23,13,No Data,No Data,11,9,No Data,No Data,No Data,No Data,No Data,No Data,No Data,No Data,No Data,No Data,No Data,No Data,No Data,No Data,No Data
AR,6,No Data,3.0,No Data,1.0,2.0,No Data,No Data,3.0,3.0,1.0,No Data,4.0,17.0,22.0,40,44,36,51,28,31,21,42,36,68,44,37,42,27,24,26,51,11,27,28,22,No Data,14,32,28,12,79,89,55,25,39,13,25,36,41,28,114,82,17,14,13,22.0,14,13,22,3,22,28,25,28,5,38,10,25,12,3,10,50,41,33,37,121,84,No Data,No Data,No Data,No Data,No Data,No Data,No Data,No Data,No Data,No Data,No Data,5,37,11,10,74,47,15,11,17,39,24,14,59,24,53,169,40,58,49,55.0,67,14,24,12,41,30,14,24,19,176,72,18,26,16,16,9,14,15,13,54,65,86,21,27,38,40,150,136,81,20,24,9,20,19,17,1,No Data,No Data,22,19,10,8,6,31,12,26,33,87,16,21,24,25,No Data,123,85,26,30,2,No Data,No Data,No Data,No Data,No Data,21,41,30,66,8,27,11,36,29,28,21,68,26,19,15,56,21,52,78,39,20,24,8,No Data,No Data,No Data,6,39,50,40,44,42,44,41,46,38,41,43,28,26,43.0,39,34,51,51,42,54,30,40,29,58,33,49,92,44,46,43,25,30,33,55,32,29,24,37,30,11,23,9,No Data,No Data,20,19,No Data,No Data,No Data,No Data,No Data,No Data,No Data,No Data,No Data,No Data,No Data,No Data,No Data,No Data,No Data
BE,628,103.0,140.0,156.0,171.0,131.0,153.0,235.0,151.0,179.0,231.0,189.0,209.0,250.0,206.0,554,1199,1371,1836,1439,1357,1927,1528,1604,1477,1645,1879,1666,1236,1456,1741,1751,1835,1644,1868,976,No Data,849,1448,1696,1432,1513,1346,1382,1349,1338,1282,1355,1410,1296,1285,1824,2522,1546,1538,1948,1624.0,1856,1786,1418,1387,2021,1549,1658,2000,2182,1715,1834,2254,2138,1765,1432,1577,1674,1884,1907,2126,1241,No Data,No Data,No Data,No Data,No Data,No Data,No Data,No Data,No Data,No Data,No Data,379,1321,1143,1398,1561,1409,1451,1662,1728,2349,1984,1906,2222,2090,2459,4880,721,2199,2104,2085.0,1977,2578,2661,2260,2631,1962,1686,1701,1680,2065,1875,1666,1997,1653,1670,1717,1689,1587,2246,2079,1840,2377,2057,1879,2176,2610,2969,2903,3357,2709,2448,3019,2528,1798,4192,831,No Data,No Data,3365,3063,3443,3013,3250,3581,2704,2588,4131,1948,3693,3380,3448,2188,No Data,2000,3114,2298,2269,215,No Data,No Data,No Data,No Data,No Data,1000,2395,2556,2107,2280,2159,2583,2151,2253,1960,2234,2137,2360,2841,2791,2831,2800,2610,2549,2138,2314,2078,895,No Data,No Data,No Data,487,2034,2292,2662,2489,2051,1944,2531,2334,2713,2465,2911,2518,2671,2378.0,2317,1738,2360,2255,2400,2585,2280,2619,2708,3035,2754,2271,2378,2776,2804,3002,2816,2897,3090,3170,3401,3095,3013,3098,2360,3020,3290,1406,No Data,No Data,2440,2623,No Data,No Data,No Data,No Data,No Data,No Data,No Data,No Data,No Data,No Data,No Data,No Data,No Data,No Data,No Data
BL,101,8.0,2.0,8.0,3.0,2.0,4.0,15.0,17.0,15.0,4.0,8.0,12.0,14.0,4.0,89,310,273,269,186,297,261,429,381,407,217,242,314,202,265,208,526,402,247,421,163,1.0,160,225,265,307,298,398,285,388,388,448,269,392,510,354,455,590,282,314,263,654.0,329,224,214,269,248,258,199,261,229,448,410,416,540,339,357,571,438,370,459,610,374,No Data,No Data,No Data,No Data,No Data,No Data,No Data,No Data,No Data,No Data,No Data,43,291,387,399,453,438,342,418,433,428,444,490,538,379,559,2227,136,468,471,499.0,458,423,364,373,417,340,479,362,423,444,266,240,248,222,265,229,311,438,686,795,524,734,767,656,435,348,412,543,611,654,336,538,457,303,350,67,No Data,No Data,234,372,224,258,467,463,392,255,376,108,212,165,174,202,No Data,246,212,260,305,32,No Data,No Data,No Data,No Data,No Data,160,392,471,431,274,375,368,434,350,421,283,248,297,247,265,372,399,409,503,472,527,379,167,No Data,No Data,No Data,71,410,351,316,373,396,460,462,472,490,536,359,347,303,323.0,286,194,289,433,311,314,503,435,433,310,302,369,357,273,641,307,361,383,385,332,288,353,265,252,207,314,339,144,No Data,No Data,411,415,No Data,No Data,No Data,No Data,No Data,No Data,No Data,No Data,No Data,No Data,No Data,No Data,No Data,No Data,No Data
BS,212,65.0,45.0,75.0,46.0,27.0,30.0,41.0,25.0,72.0,39.0,29.0,31.0,27.0,37.0,216,413,432,414,512,409,812,942,717,766,732,731,686,543,638,691,715,654,624,917,437,No Data,557,726,744,653,695,678,686,681,670,733,725,620,696,683,502,772,601,573,881,951.0,568,585,907,528,631,742,634,571,484,792,702,939,845,585,604,660,601,668,944,645,396,No Data,No Data,No Data,No Data,No Data,No Data,No Data,No Data,No Data,No Data,No Data,147,470,320,771,706,715,488,595,481,939,758,750,760,953,717,743,249,758,575,626.0,684,764,609,385,596,751,462,1314,909,744,647,701,684,562,724,592,396,441,632,1371,618,764,636,870,632,502,562,507,725,631,631,847,785,380,745,49,No Data,No Data,750,524,478,537,523,735,474,309,337,138,400,479,844,658,No Data,520,645,629,460,71,No Data,No Data,No Data,No Data,No Data,272,327,654,749,552,690,529,725,1301,542,556,549,487,535,607,749,625,575,768,573,914,636,267,No Data,No Data,No Data,122,677,492,564,527,528,456,625,522,521,483,504,603,622,617.0,681,571,683,782,742,1640,1211,683,681,666,756,690,782,705,2147,774,732,930,1939,1002,802,820,772,763,709,643,668,411,No Data,No Data,690,798,No Data,No Data,No Data,No Data,No Data,No Data,No Data,No Data,No Data,No Data,No Data,No Data,No Data,No Data,No Data
FR,120,7.0,10.0,13.0,10.0,13.0,5.0,11.0,21.0,1.0,18.0,13.0,16.0,6.0,6.0,208,557,469,464,447,418,574,421,409,470,556,520,403,336,645,641,659,378,293,363,211,No Data,291,499,607,647,685,656,625,571,664,550,663,726,623,613,602,1617,736,1491,1999,1845.0,1544,1114,1728,1311,1837,1982,1327,1827,1051,2096,1853,2326,1917,1003,950,637,568,523,461,792,376,No Data,No Data,No Data,No Data,No Data,No Data,No Data,No Data,No Data,No Data,No Data,108,507,468,536,936,566,535,991,1566,1963,2905,2667,2930,2221,3193,3753,807,2098,2208,1700.0,1865,1944,1925,1674,1590,768,973,801,844,892,746,637,851,564,666,495,644,544,645,689,618,753,979,1304,1509,2056,2572,1660,1181,1960,1667,791,1111,566,521,102,No Data,No Data,1041,846,962,856,1183,764,606,556,924,197,901,998,633,406,No Data,656,682,1082,634,49,No Data,No Data,No Data,No Data,No Data,400,1110,880,681,585,747,695,881,1098,792,630,577,716,696,948,823,585,915,965,1323,1228,919,591,No Data,No Data,No Data,156,635,919,864,903,986,896,868,722,587,509,610,591,691,722.0,603,550,937,988,676,775,780,631,577,832,702,548,626,723,701,721,759,877,771,749,855,645,818,700,688,596,818,395,No Data,No Data,855,784,No Data,No Data,No Data,No Data,No Data,No Data,No Data,No Data,No Data,No Data,No Data,No Data,No Data,No Data,No Data
GE,775,140.0,139.0,162.0,194.0,138.0,124.0,370.0,169.0,200.0,246.0,139.0,197.0,131.0,169.0,1073,2183,1854,3747,1955,2173,1888,2516,2370,1911,1814,1926,2068,1407,1675,1808,2818,2067,2109,2464,1177,7.0,1310,1921,1908,2057,2216,2775,3153,2598,3174,3076,2879,3408,3075,3203,3307,10681,4211,12373,16898,18036.0,15661,16724,16720,17586,22517,22002,23785,20886,17879,23200,19491,23258,23233,5284,5273,6282,5541,5198,5570,5720,3136,No Data,No Data,No Data,No Data,No Data,No Data,No Data,No Data,No Data,No Data,No Data,1216,4194,4153,3823,4222,4234,3535,12029,12457,15763,17656,18433,16981,15236,17112,16595,5384,16469,16149,14883.0,15206,14368,13749,15061,13578,3903,3960,3999,3859,4364,3816,3709,4841,4383,3979,4706,4195,3693,5151,5210,4494,4463,4469,3477,9319,11041,11323,12041,12589,17533,11434,13316,9814,7338,8130,1804,No Data,No Data,7287,7816,7632,6961,6069,7813,6097,5680,6867,3229,7775,7309,6883,5622,No Data,5490,5984,5837,7386,679,No Data,No Data,No Data,No Data,No Data,2589,6570,6297,5434,5944,5329,5879,5920,5916,6227,6981,5659,4985,6126,5374,5564,6396,6312,6681,5848,5453,6813,2565,No Data,No Data,No Data,722,5595,5022,7113,6195,5139,5979,6619,5350,4405,5135,6957,5770,5317,4556.0,4940,2935,5429,7340,5830,5422,5637,5285,6789,5542,5042,6127,5535,5797,5826,7197,5286,5736,7208,6524,6823,4883,5102,4444,5036,4419,5595,2229,No Data,No Data,3683,4931,No Data,No Data,No Data,No Data,No Data,No Data,No Data,No Data,No Data,No Data,No Data,No Data,No Data,No Data,No Data
GL,20,No Data,2.0,2.0,1.0,1.0,1.0,1.0,No Data,4.0,4.0,1.0,2.0,2.0,1.0,33,46,48,54,82,107,71,21,13,26,80,72,60,40,62,80,49,56,40,54,9,No Data,30,62,54,61,71,88,51,61,77,48,84,96,73,64,36,66,62,72,70,108.0,38,55,102,39,131,137,176,198,79,107,163,118,153,114,135,152,131,62,71,118,37,No Data,No Data,No Data,No Data,No Data,No Data,No Data,No Data,No Data,No Data,No Data,2,29,41,31,33,20,10,15,10,43,27,238,351,34,125,2165,4,23,27,10.0,15,34,10,8,11,44,38,38,39,55,205,39,57,74,24,62,69,46,46,35,24,38,39,26,21,29,44,99,112,92,90,53,169,171,256,76,No Data,No Data,188,165,186,295,700,1255,69,60,94,107,120,68,58,242,No Data,180,165,149,236,39,No Data,No Data,No Data,No Data,No Data,79,163,151,255,179,200,171,129,129,117,139,68,76,53,75,113,118,126,155,174,164,148,56,No Data,No Data,No Data,9,38,16,11,4,12,8,11,12,23,22,12,20,23,19.0,20,19,13,10,14,12,66,11,10,10,14,36,19,19,20,18,16,23,25,6,14,15,20,11,16,20,19,5,No Data,No Data,17,17,No Data,No Data,No Data,No Data,No Data,No Data,No Data,No Data,No Data,No Data,No Data,No Data,No Data,No Data,No Data
GR,351,26.0,31.0,205.0,49.0,38.0,64.0,43.0,100.0,30.0,40.0,53.0,34.0,20.0,24.0,102,367,169,319,275,487,340,310,212,222,237,573,426,346,532,612,673,501,470,355,127,No Data,136,235,272,584,321,256,229,244,314,381,330,455,403,558,704,1181,493,551,1777,604.0,704,510,596,671,391,397,438,609,328,439,477,369,364,276,205,349,720,595,684,374,381,No Data,No Data,No Data,No Data,No Data,No Data,No Data,No Data,No Data,No Data,No Data,87,418,333,297,245,459,234,145,202,230,314,710,958,608,1464,5700,187,499,2291,514.0,539,845,666,660,615,608,381,459,333,327,261,385,330,248,329,328,262,386,401,422,426,425,430,371,554,516,445,771,566,725,347,318,203,253,166,43,No Data,No Data,157,391,228,206,288,205,376,267,602,429,825,403,2531,562,No Data,882,1044,955,800,181,No Data,No Data,No Data,No Data,No Data,59,83,92,156,126,139,265,221,347,396,485,447,415,449,459,621,605,576,930,455,456,237,142,No Data,No Data,No Data,45,337,365,331,236,309,273,310,655,626,526,479,3283,569,629.0,577,422,590,562,787,812,637,607,551,375,271,226,352,282,283,289,248,630,375,436,493,679,673,597,798,687,579,202,No Data,No Data,321,417,No Data,No Data,No Data,No Data,No Data,No Data,No Data,No Data,No Data,No Data,No Data,No Data,No Data,No Data,No Data
JU,39,1.0,No Data,1.0,1.0,No Data,1.0,1.0,No Data,3.0,4.0,4.0,2.0,2.0,4.0,75,224,173,207,188,188,192,208,213,196,212,1012,399,458,263,230,238,229,289,220,130,No Data,102,178,204,184,212,215,185,196,232,227,239,157,185,184,181,227,183,229,237,297.0,252,199,217,264,225,204,228,347,158,271,195,203,212,121,28,61,64,27,78,34,32,No Data,No Data,No Data,No Data,No Data,No Data,No Data,No Data,No Data,No Data,No Data,18,80,43,45,131,89,79,269,190,212,254,456,305,186,211,1677,38,163,251,242.0,213,306,282,130,142,108,182,130,124,95,128,78,53,98,69,20,48,25,49,101,69,77,82,109,216,156,159,165,154,124,194,177,113,78,219,27,No Data,No Data,138,178,97,155,78,125,255,338,599,135,225,442,503,195,No Data,317,349,260,296,46,No Data,No Data,No Data,No Data,No Data,27,113,74,54,71,99,73,130,35,68,91,158,213,31,223,81,92,90,111,111,155,71,19,No Data,No Data,No Data,8,180,133,93,82,107,79,61,59,206,41,62,113,89,89.0,332,74,223,119,119,193,217,378,348,109,152,72,99,118,96,121,167,104,114,153,158,113,104,97,85,105,90,35,No Data,No Data,96,54,No Data,No Data,No Data,No Data,No Data,No Data,No Data,No Data,No Data,No Data,No Data,No Data,No Data,No Data,No Data
LU,139,29.0,20.0,43.0,44.0,27.0,40.0,95.0,66.0,76.0,82.0,103.0,44.0,60.0,21.0,222,516,446,544,403,532,525,403,367,447,376,556,550,652,553,547,515,520,483,595,278,1.0,330,390,485,777,690,686,621,640,680,526,563,421,466,515,658,861,811,690,764,973.0,599,557,677,565,768,571,608,631,667,744,754,933,1293,960,892,919,843,812,813,847,532,No Data,No Data,No Data,No Data,No Data,No Data,No Data,No Data,No Data,No Data,No Data,214,660,475,596,502,741,600,518,588,691,648,898,809,714,856,3410,264,650,960,1000.0,1186,1223,1027,1101,1228,1068,1024,864,801,865,1199,756,781,705,714,718,754,763,827,795,891,1158,1372,1060,1696,1268,1041,1167,1342,1004,789,889,685,775,680,199,No Data,No Data,600,538,854,738,592,816,530,1562,1449,386,645,867,901,445,No Data,656,724,1065,751,85,No Data,No Data,No Data,No Data,No Data,499,890,811,766,636,983,962,532,837,745,591,506,603,577,819,1195,768,820,1056,919,831,782,255,No Data,No Data,No Data,94,601,586,726,597,735,645,776,751,857,604,622,667,1019,1056.0,779,439,1002,2643,1453,714,781,636,776,836,889,859,818,926,932,1045,970,922,893,967,938,898,853,720,892,688,678,264,No Data,No Data,1463,1617,No Data,No Data,No Data,No Data,No Data,No Data,No Data,No Data,No Data,No Data,No Data,No Data,No Data,No Data,No Data
NE,89,16.0,27.0,47.0,25.0,42.0,15.0,40.0,7.0,26.0,18.0,26.0,8.0,27.0,29.0,79,177,169,180,228,182,221,348,474,305,215,189,254,163,147,191,217,215,221,640,292,No Data,126,311,274,350,307,391,397,352,625,645,552,417,599,625,786,1621,655,2388,2986,2612.0,3364,2877,3041,2881,4461,3808,3817,3997,2783,4247,3228,4691,3845,989,682,781,791,660,1258,1028,442,No Data,No Data,No Data,No Data,No Data,No Data,No Data,No Data,No Data,No Data,No Data,155,471,428,475,493,902,560,2066,2115,2757,2534,2628,2312,2347,2037,2753,790,2396,2454,1967.0,2127,2204,2318,1766,1938,486,491,436,510,520,486,728,602,673,1206,624,1088,570,515,566,650,560,481,317,905,1183,1626,2347,3031,1933,2000,2734,2462,1680,1353,237,No Data,No Data,1054,1042,1122,1072,1147,1013,1098,821,1194,404,1060,1409,1270,454,No Data,875,1088,874,740,90,No Data,No Data,No Data,No Data,No Data,527,863,1105,1030,1043,1003,1126,1500,986,1092,880,568,449,656,557,490,942,1020,1110,1014,649,949,373,No Data,No Data,No Data,133,725,855,933,505,877,779,662,662,554,763,754,949,765,588.0,745,409,664,765,676,717,741,1282,865,707,804,728,698,833,765,851,735,785,839,760,717,787,726,366,299,666,806,360,No Data,No Data,579,1049,No Data,No Data,No Data,No Data,No Data,No Data,No Data,No Data,No Data,No Data,No Data,No Data,No Data,No Data,No Data
NW,34,No Data,3.0,1.0,1.0,No Data,2.0,3.0,No Data,No Data,No Data,2.0,1.0,2.0,No Data,20,42,19,27,70,65,55,62,25,38,25,26,17,33,133,63,63,45,76,83,39,No Data,73,77,62,136,194,189,133,120,155,190,135,407,260,185,124,163,141,172,193,195.0,202,116,117,154,210,127,71,98,63,123,55,91,123,83,128,233,254,305,184,263,117,No Data,No Data,No Data,No Data,No Data,No Data,No Data,No Data,No Data,No Data,No Data,24,94,53,79,99,55,44,63,50,40,52,233,224,47,123,2058,105,60,46,85.0,76,178,67,39,48,169,109,62,100,71,78,57,54,67,68,85,152,213,192,179,143,237,218,209,65,91,66,84,105,75,63,42,57,54,40,26,No Data,No Data,47,37,31,37,33,51,40,64,75,49,29,32,29,74,No Data,56,41,55,39,2,No Data,No Data,No Data,No Data,No Data,18,51,35,49,35,43,69,56,100,59,47,91,74,77,66,91,66,101,90,61,86,70,36,No Data,No Data,No Data,11,73,99,62,53,54,40,22,27,202,17,24,23,19,27.0,17,17,46,52,66,56,35,49,56,87,57,54,77,83,109,78,97,80,130,112,156,117,87,57,37,41,37,27,No Data,No Data,61,90,No Data,No Data,No Data,No Data,No Data,No Data,No Data,No Data,No Data,No Data,No Data,No Data,No Data,No Data,No Data
OW,29,5.0,1.0,1.0,5.0,2.0,10.0,4.0,1.0,1.0,No Data,25.0,6.0,3.0,4.0,17,94,170,103,105,57,23,117,186,116,88,107,86,200,92,186,105,126,59,40,14,No Data,61,63,58,45,39,32,62,38,69,80,118,64,89,111,77,265,144,87,93,46.0,127,174,126,165,114,142,137,160,84,238,109,114,115,156,107,126,95,98,90,145,107,No Data,No Data,No Data,No Data,No Data,No Data,No Data,No Data,No Data,No Data,No Data,66,151,209,201,232,220,180,140,193,409,161,213,183,315,357,697,115,277,185,263.0,224,312,223,261,229,183,198,238,391,197,205,231,82,197,119,347,359,137,272,291,447,423,326,183,534,704,221,302,176,145,228,237,130,130,206,24,No Data,No Data,170,132,1407,162,867,581,740,1034,1996,216,705,1054,621,488,No Data,1012,1186,1291,1038,109,No Data,No Data,No Data,No Data,No Data,505,741,944,719,662,845,926,716,971,1043,936,635,575,689,571,873,1130,938,1237,851,855,1115,700,No Data,No Data,No Data,127,1135,1831,1561,1782,1094,677,826,813,1225,869,883,1208,1115,1245.0,453,443,521,588,593,555,551,552,645,631,725,751,599,660,718,595,511,540,636,542,651,516,634,650,524,544,544,221,No Data,No Data,443,522,No Data,No Data,No Data,No Data,No Data,No Data,No Data,No Data,No Data,No Data,No Data,No Data,No Data,No Data,No Data
SG,253,22.0,13.0,18.0,58.0,45.0,54.0,63.0,31.0,45.0,36.0,39.0,27.0,50.0,68.0,150,270,395,378,293,607,330,318,389,364,392,467,358,347,528,384,386,497,473,652,277,1.0,311,389,542,688,606,777,627,1039,865,501,616,600,607,587,795,880,798,728,666,561.0,483,541,569,568,703,752,655,611,671,945,624,488,885,590,557,565,906,720,714,753,533,No Data,No Data,No Data,No Data,No Data,No Data,No Data,No Data,No Data,No Data,No Data,177,717,671,634,764,661,676,668,506,690,740,966,1319,616,1116,4685,216,741,739,597.0,721,846,748,662,499,621,486,485,447,897,729,1251,641,765,492,519,485,375,833,1005,1207,980,709,727,471,414,523,732,855,944,1056,858,771,575,385,98,No Data,No Data,492,777,685,521,529,550,304,321,401,334,541,517,368,261,No Data,387,608,573,480,42,No Data,No Data,No Data,No Data,No Data,294,609,949,599,561,496,532,554,517,447,516,561,340,540,660,527,574,491,526,312,388,411,238,No Data,No Data,No Data,279,1349,798,487,479,524,466,612,521,389,681,565,620,542,458.0,692,434,649,498,674,504,549,489,470,514,453,595,532,902,621,526,553,705,844,766,855,681,521,817,766,564,905,341,No Data,No Data,543,635,No Data,No Data,No Data,No Data,No Data,No Data,No Data,No Data,No Data,No Data,No Data,No Data,No Data,No Data,No Data
SH,13,1.0,3.0,2.0,1.0,1.0,1.0,3.0,No Data,2.0,5.0,2.0,No Data,1.0,1.0,20,61,61,102,65,33,54,60,51,51,42,47,30,18,58,76,95,146,45,53,26,No Data,28,31,117,60,71,96,67,31,29,57,36,125,34,25,41,116,26,43,64,53.0,38,35,38,46,28,42,25,277,98,182,557,33,35,50,49,33,43,33,58,73,103,No Data,No Data,No Data,No Data,No Data,No Data,No Data,No Data,No Data,No Data,No Data,6,43,238,174,192,205,197,195,157,119,128,386,325,192,243,2233,105,260,149,84.0,131,220,189,176,89,144,80,83,64,76,105,84,71,141,73,81,85,73,111,93,115,117,215,158,170,139,129,127,119,98,107,136,78,83,39,7,No Data,No Data,39,223,54,36,68,28,48,200,225,311,102,132,240,29,No Data,119,147,244,30,3,No Data,No Data,No Data,No Data,No Data,23,64,37,85,106,94,58,42,49,66,87,144,108,74,77,103,175,129,139,152,69,124,40,No Data,No Data,No Data,15,58,68,74,66,59,85,94,119,86,86,87,157,96,63.0,67,43,40,52,63,54,232,164,140,59,94,135,206,174,99,258,343,578,618,346,262,327,183,215,159,195,257,96,No Data,No Data,138,67,No Data,No Data,No Data,No Data,No Data,No Data,No Data,No Data,No Data,No Data,No Data,No Data,No Data,No Data,No Data
SO,73,9.0,11.0,23.0,34.0,11.0,7.0,10.0,24.0,12.0,21.0,9.0,16.0,21.0,13.0,112,322,202,238,318,197,210,199,225,500,401,228,215,298,181,281,405,235,257,284,143,1.0,207,329,405,365,458,355,362,351,300,313,367,384,523,310,242,312,337,309,350,430.0,400,289,260,273,262,383,295,259,257,449,382,444,410,471,490,409,458,468,397,478,396,No Data,No Data,No Data,No Data,No Data,No Data,No Data,No Data,No Data,No Data,No Data,143,233,214,260,345,228,190,229,187,323,321,663,462,384,505,2408,195,466,378,646.0,536,468,375,400,391,378,416,319,386,403,480,338,356,382,392,368,380,431,491,549,413,640,464,461,347,371,373,460,598,833,705,403,385,342,233,37,No Data,No Data,202,256,246,254,373,208,157,161,168,57,395,290,248,255,No Data,269,221,305,283,33,No Data,No Data,No Data,No Data,No Data,197,410,349,591,463,352,315,461,389,528,633,590,639,741,594,487,580,648,544,479,621,514,146,No Data,No Data,No Data,49,280,213,279,239,368,410,272,296,338,425,337,364,480,432.0,401,934,1299,349,368,322,693,304,439,282,292,441,339,340,420,392,385,431,392,387,365,430,372,419,329,332,246,122,No Data,No Data,262,320,No Data,No Data,No Data,No Data,No Data,No Data,No Data,No Data,No Data,No Data,No Data,No Data,No Data,No Data,No Data
SZ,26,2.0,3.0,8.0,9.0,6.0,3.0,13.0,3.0,4.0,8.0,3.0,9.0,8.0,4.0,20,87,65,104,57,74,72,75,64,103,77,83,101,69,137,96,101,154,137,121,98,No Data,40,140,72,64,113,231,229,160,125,86,206,101,109,82,100,115,348,97,125,188.0,127,68,93,99,91,63,79,146,78,81,96,95,106,102,120,307,383,225,161,197,84,No Data,No Data,No Data,No Data,No Data,No Data,No Data,No Data,No Data,No Data,No Data,48,84,116,126,61,138,92,95,62,87,93,197,175,131,131,1206,28,71,75,130.0,84,104,58,100,91,99,90,66,59,65,96,65,61,135,86,203,115,75,99,113,81,101,126,102,126,224,100,117,101,81,92,142,53,60,44,11,No Data,No Data,88,59,57,62,59,49,50,67,280,47,58,75,125,82,No Data,50,67,123,106,4,No Data,No Data,No Data,No Data,No Data,25,71,48,112,85,220,92,83,103,104,131,116,101,77,300,318,238,244,344,198,74,76,45,No Data,No Data,No Data,9,101,102,279,193,125,103,83,91,100,63,86,145,87,82.0,157,102,85,113,160,196,148,196,127,132,118,143,151,125,163,274,263,162,119,206,168,137,156,188,242,325,270,92,No Data,No Data,143,147,No Data,No Data,No Data,No Data,No Data,No Data,No Data,No Data,No Data,No Data,No Data,No Data,No Data,No Data,No Data
TG,151,7.0,6.0,4.0,2.0,6.0,9.0,5.0,6.0,3.0,1.0,4.0,6.0,6.0,16.0,116,474,378,547,544,446,488,358,283,269,202,207,194,138,160,176,255,289,414,247,119,No Data,128,242,297,206,292,375,540,194,289,492,494,601,512,393,386,455,295,330,273,217.0,321,647,325,263,278,258,184,227,130,288,256,439,381,243,358,765,852,668,278,392,136,No Data,No Data,No Data,No Data,No Data,No Data,No Data,No Data,No Data,No Data,No Data,51,154,344,394,184,158,217,153,149,267,380,781,515,338,329,1622,174,302,317,389.0,363,483,437,385,413,545,726,550,483,507,234,331,526,459,419,503,544,504,330,295,361,402,804,1243,1249,683,1200,797,883,1269,332,427,420,274,296,52,No Data,No Data,305,884,323,446,579,670,227,567,905,171,210,715,577,176,No Data,120,126,145,147,25,No Data,No Data,No Data,No Data,No Data,154,883,742,685,439,128,147,113,159,218,262,373,195,160,156,276,320,388,375,321,166,181,96,No Data,No Data,No Data,8,127,83,276,175,176,189,132,206,155,268,193,158,357,182.0,247,204,293,195,215,225,141,178,297,296,391,432,402,458,266,173,188,318,299,371,305,396,271,224,456,322,636,185,No Data,No Data,171,220,No Data,No Data,No Data,No Data,No Data,No Data,No Data,No Data,No Data,No Data,No Data,No Data,No Data,No Data,No Data
TI,457,29.0,32.0,33.0,41.0,17.0,23.0,28.0,36.0,38.0,30.0,30.0,36.0,39.0,30.0,474,1389,1431,1644,1851,1697,1907,2104,1832,1472,1689,1947,1560,1526,2314,2625,1863,2076,1945,1795,957,No Data,912,1579,1982,1238,1328,2083,1916,2520,2627,2680,1730,2265,2443,3014,2610,2317,2195,2077,1655,1808.0,1547,1446,1413,2194,2149,2310,1689,1428,1170,1480,1137,1046,1379,1037,1416,1762,1392,1537,1599,1668,1094,No Data,No Data,No Data,No Data,No Data,No Data,No Data,No Data,No Data,No Data,No Data,525,1888,1385,1360,1374,1200,1113,906,1208,1585,1394,1480,1645,1503,1649,2534,565,1319,1502,1538.0,1577,1405,1884,1306,1286,1235,1174,1281,1149,1301,1105,1228,1414,1280,1187,1475,1394,1257,1058,1152,1530,1873,1390,1472,1314,2576,2216,2232,2768,1626,1180,1631,1324,977,1383,222,No Data,No Data,1375,1221,1524,1361,1465,1190,994,725,1323,499,1302,1348,1197,1244,No Data,1262,1166,1016,1061,70,No Data,No Data,No Data,No Data,No Data,502,1047,1113,1174,1135,1279,942,804,805,968,1032,904,1164,1107,1594,1139,1358,983,776,1000,1035,1129,439,No Data,No Data,No Data,110,1068,1104,1552,1091,742,1016,1188,1052,1531,1416,1137,907,1166,1251.0,1524,669,979,1185,1030,1192,1373,1059,1210,1356,1347,1037,1094,1286,1298,1046,1276,1537,1427,1524,1230,988,1228,895,1191,1651,1204,391,No Data,No Data,818,1033,No Data,No Data,No Data,No Data,No Data,No Data,No Data,No Data,No Data,No Data,No Data,No Data,No Data,No Data,No Data
UR,15,4.0,3.0,1.0,3.0,6.0,3.0,13.0,17.0,4.0,2.0,5.0,1.0,3.0,5.0,8,9,17,16,62,36,35,28,21,17,11,25,53,33,40,52,102,25,26,26,13,No Data,50,46,48,37,22,27,14,28,15,18,18,10,41,11,32,83,16,52,51,17.0,19,24,16,78,68,43,36,91,24,14,90,73,83,31,33,19,33,41,41,55,27,No Data,No Data,No Data,No Data,No Data,No Data,No Data,No Data,No Data,No Data,No Data,12,17,28,26,10,15,13,5,27,11,31,78,61,17,63,554,50,81,34,38.0,30,36,49,36,28,42,21,44,25,30,19,36,23,32,13,15,32,24,66,114,148,60,46,36,39,55,46,42,47,57,168,68,30,104,30,85,No Data,No Data,385,15,542,33,7,16,11,42,53,13,5,9,4,35,No Data,12,14,40,22,10,No Data,No Data,No Data,No Data,No Data,54,6,10,14,12,14,27,21,44,43,66,41,24,40,34,75,31,64,46,40,51,31,31,No Data,No Data,No Data,5,25,22,25,17,29,11,37,29,25,54,40,17,21,23.0,27,11,23,17,24,49,32,28,41,25,34,26,28,46,27,44,51,44,85,60,42,31,39,65,50,142,189,38,No Data,No Data,47,27,No Data,No Data,No Data,No Data,No Data,No Data,No Data,No Data,No Data,No Data,No Data,No Data,No Data,No Data,No Data
VD,694,53.0,175.0,142.0,154.0,121.0,117.0,163.0,122.0,118.0,130.0,148.0,91.0,118.0,144.0,661,1195,1263,1193,1152,1120,1037,1427,1325,1342,1380,2021,1716,1441,1810,2061,2439,2250,1757,2009,806,4.0,1353,1860,1843,1816,2691,3331,2302,2846,2888,2516,2102,2196,2549,2007,2343,4611,2471,4485,5540,4703.0,5171,4784,5532,5828,5857,6934,6394,7156,4985,7963,7438,6768,7335,2562,2617,2581,2475,2181,2723,2796,1535,No Data,No Data,No Data,No Data,No Data,No Data,No Data,No Data,No Data,No Data,No Data,574,2190,1893,1922,2125,2020,1889,5346,5115,5808,6071,6216,6812,6200,7442,8704,2176,6441,5759,4941.0,5801,6384,6945,5258,4831,2341,2574,2014,2132,2303,2201,2315,2219,2576,2317,2395,2957,2967,3317,3287,3030,2992,3925,3047,4903,4012,4513,6073,6481,6105,4753,5442,5528,5008,4552,685,No Data,No Data,5108,5020,4557,4560,4790,4761,3495,2587,3769,1640,4058,4613,2878,2596,No Data,3341,2882,3151,2949,396,No Data,No Data,No Data,No Data,No Data,1789,2896,2970,3418,3084,3024,2456,2799,2868,3707,3425,3617,3485,3596,2802,2861,3375,4069,3602,3752,4208,3794,1802,No Data,No Data,No Data,692,3892,2997,3524,3023,2535,2929,2936,2765,3266,2623,2857,2651,2810,2666.0,3407,2611,2979,3203,3105,2814,3405,3525,3124,3370,3471,3531,3522,3248,3042,3230,3546,3835,4228,4058,3596,3674,4450,4236,3159,3184,3311,1335,No Data,No Data,2795,3405,No Data,No Data,No Data,No Data,No Data,No Data,No Data,No Data,No Data,No Data,No Data,No Data,No Data,No Data,No Data
VS,488,38.0,26.0,23.0,19.0,44.0,34.0,20.0,34.0,17.0,27.0,29.0,32.0,36.0,113.0,201,483,441,584,537,601,577,632,662,582,819,631,666,676,843,844,963,781,630,703,343,No Data,383,728,945,1209,792,697,973,627,695,635,572,607,904,943,1621,3315,1158,1926,2158,2297.0,1965,2652,2131,2775,2308,2360,2541,3857,3662,3926,3536,2951,2056,824,517,866,754,732,951,1063,473,No Data,No Data,No Data,No Data,No Data,No Data,No Data,No Data,No Data,No Data,No Data,210,651,595,1011,802,774,821,1816,1528,1756,1814,2554,2476,2748,4605,6137,779,2322,2120,1969.0,1864,1957,3381,2715,2059,1029,1022,1304,1279,1403,1119,1212,992,862,779,734,986,893,946,1407,1300,1309,1599,1137,2510,2692,2761,3124,2641,2570,1923,2315,2005,1355,1389,231,No Data,No Data,1205,1477,1434,1307,1335,1459,1095,1080,2681,1275,1841,1446,1543,1311,No Data,1803,2361,1920,1788,189,No Data,No Data,No Data,No Data,No Data,796,1093,1230,1255,1530,1815,1718,1805,1721,1441,1836,1961,1858,1965,2206,2366,2049,2346,1431,1350,1649,1286,664,No Data,No Data,No Data,213,1433,1484,1639,1597,1264,1378,1649,1629,1772,1794,1675,1654,1484,1378.0,1931,1465,1745,1668,1440,1558,1495,1788,1666,1645,1548,1586,1407,1254,1239,1338,1332,1212,1616,1370,1458,1588,1847,2004,1552,2023,2005,855,No Data,No Data,973,1409,No Data,No Data,No Data,No Data,No Data,No Data,No Data,No Data,No Data,No Data,No Data,No Data,No Data,No Data,No Data
ZG,40,9.0,11.0,22.0,82.0,74.0,46.0,61.0,125.0,106.0,64.0,40.0,38.0,24.0,30.0,47,189,240,209,217,226,289,138,234,201,167,277,244,173,217,219,475,165,141,252,165,No Data,97,155,154,142,192,244,172,239,201,232,243,264,194,146,129,214,165,189,207,223.0,224,272,252,166,167,245,315,171,174,130,299,210,154,226,237,269,208,233,240,234,171,No Data,No Data,No Data,No Data,No Data,No Data,No Data,No Data,No Data,No Data,No Data,40,173,161,155,206,200,222,237,236,256,394,333,351,379,270,248,134,399,360,354.0,430,800,391,470,482,322,490,385,562,542,682,487,310,433,577,346,376,409,386,330,235,222,214,221,282,259,345,265,303,301,286,277,219,104,197,67,No Data,No Data,298,266,281,215,256,278,220,204,157,64,191,203,285,282,No Data,197,319,347,209,54,No Data,No Data,No Data,No Data,No Data,97,237,198,227,320,306,353,272,310,360,210,216,242,98,309,269,353,330,295,367,342,275,99,No Data,No Data,No Data,22,257,243,339,239,179,198,203,194,188,191,232,275,231,238.0,300,221,309,453,408,450,417,477,360,318,300,240,273,275,264,227,378,280,330,386,348,278,329,179,167,232,307,145,No Data,No Data,209,332,No Data,No Data,No Data,No Data,No Data,No Data,No Data,No Data,No Data,No Data,No Data,No Data,No Data,No Data,No Data
ZH,1242,469.0,439.0,427.0,459.0,440.0,538.0,402.0,416.0,448.0,599.0,431.0,540.0,470.0,407.0,1617,3037,3580,4865,3804,3549,4338,4409,3895,3868,4262,3512,4510,4008,4950,4353,4900,5242,3755,4578,2356,12.0,2578,4664,4521,4639,4239,4879,4503,4231,4576,4416,4196,4607,4412,3821,3372,5495,4756,4519,5097,5231.0,5023,5119,4957,4495,5032,4669,4457,4332,3520,4559,4067,4016,4790,4010,4716,5385,5317,4912,6007,5346,3008,No Data,No Data,No Data,No Data,No Data,No Data,No Data,No Data,No Data,No Data,No Data,1533,4610,4363,4288,4078,4736,4629,4446,4552,5676,5603,5640,5879,5353,4669,8110,2008,5215,5357,4740.0,5315,5346,5342,5224,6117,5614,4987,5193,4926,5453,4127,4367,4695,4986,5195,5846,4704,5339,6048,6089,5389,5425,5689,4753,5801,4962,5103,6544,5124,5857,5334,5136,5601,4443,4844,893,No Data,No Data,4941,5317,4553,4210,4366,4188,4486,3003,4016,1977,4047,5136,4979,4718,No Data,5968,6930,5297,4868,582,No Data,No Data,No Data,No Data,No Data,2259,4810,5376,5526,4849,5425,5017,5059,4749,5274,5658,5029,5033,5212,4827,4688,5376,5875,5867,5348,5110,5424,2252,No Data,No Data,No Data,990,5429,6956,5902,6049,5800,4916,5385,5435,4244,5173,5114,5042,4859,4891.0,5246,3235,5713,5632,6042,5045,4912,4962,5396,5674,5201,5408,5027,5980,5912,5312,5671,6182,6107,6118,5858,6270,6288,5894,4750,5573,5745,2401,No Data,No Data,4534,5376,No Data,No Data,No Data,No Data,No Data,No Data,No Data,No Data,No Data,No Data,No Data,No Data,No Data,No Data,No Data
