canton,2012_01_Anger,2012_01_Anticipation,2012_01_Disgust,2012_01_Fear,2012_01_Joy,2012_01_Sadness,2012_01_Surprise,2012_01_Trust,2012_02_Anger,2012_02_Anticipation,2012_02_Disgust,2012_02_Fear,2012_02_Joy,2012_02_Sadness,2012_02_Surprise,2012_02_Trust,2012_03_Anger,2012_03_Anticipation,2012_03_Disgust,2012_03_Fear,2012_03_Joy,2012_03_Sadness,2012_03_Surprise,2012_03_Trust,2012_04_Anger,2012_04_Anticipation,2012_04_Disgust,2012_04_Fear,2012_04_Joy,2012_04_Sadness,2012_04_Surprise,2012_04_Trust,2012_05_Anger,2012_05_Anticipation,2012_05_Disgust,2012_05_Fear,2012_05_Joy,2012_05_Sadness,2012_05_Surprise,2012_05_Trust,2012_06_Anger,2012_06_Anticipation,2012_06_Disgust,2012_06_Fear,2012_06_Joy,2012_06_Sadness,2012_06_Surprise,2012_06_Trust,2012_07_Anger,2012_07_Anticipation,2012_07_Disgust,2012_07_Fear,2012_07_Joy,2012_07_Sadness,2012_07_Surprise,2012_07_Trust,2012_08_Anger,2012_08_Anticipation,2012_08_Disgust,2012_08_Fear,2012_08_Joy,2012_08_Sadness,2012_08_Surprise,2012_08_Trust,2012_09_Anger,2012_09_Anticipation,2012_09_Disgust,2012_09_Fear,2012_09_Joy,2012_09_Sadness,2012_09_Surprise,2012_09_Trust,2012_10_Anger,2012_10_Anticipation,2012_10_Disgust,2012_10_Fear,2012_10_Joy,2012_10_Sadness,2012_10_Surprise,2012_10_Trust,2012_11_Anger,2012_11_Anticipation,2012_11_Disgust,2012_11_Fear,2012_11_Joy,2012_11_Sadness,2012_11_Surprise,2012_11_Trust,2012_12_Anger,2012_12_Anticipation,2012_12_Disgust,2012_12_Fear,2012_12_Joy,2012_12_Sadness,2012_12_Surprise,2012_12_Trust,2013_01_Anger,2013_01_Anticipation,2013_01_Disgust,2013_01_Fear,2013_01_Joy,2013_01_Sadness,2013_01_Surprise,2013_01_Trust,2013_02_Anger,2013_02_Anticipation,2013_02_Disgust,2013_02_Fear,2013_02_Joy,2013_02_Sadness,2013_02_Surprise,2013_02_Trust,2013_03_Anger,2013_03_Anticipation,2013_03_Disgust,2013_03_Fear,2013_03_Joy,2013_03_Sadness,2013_03_Surprise,2013_03_Trust,2013_04_Anger,2013_04_Anticipation,2013_04_Disgust,2013_04_Fear,2013_04_Joy,2013_04_Sadness,2013_04_Surprise,2013_04_Trust,2013_05_Anger,2013_05_Anticipation,2013_05_Disgust,2013_05_Fear,2013_05_Joy,2013_05_Sadness,2013_05_Surprise,2013_05_Trust,2013_06_Anger,2013_06_Anticipation,2013_06_Disgust,2013_06_Fear,2013_06_Joy,2013_06_Sadness,2013_06_Surprise,2013_06_Trust,2013_07_Anger,2013_07_Anticipation,2013_07_Disgust,2013_07_Fear,2013_07_Joy,2013_07_Sadness,2013_07_Surprise,2013_07_Trust,2013_08_Anger,2013_08_Anticipation,2013_08_Disgust,2013_08_Fear,2013_08_Joy,2013_08_Sadness,2013_08_Surprise,2013_08_Trust,2013_09_Anger,2013_09_Anticipation,2013_09_Disgust,2013_09_Fear,2013_09_Joy,2013_09_Sadness,2013_09_Surprise,2013_09_Trust,2013_10_Anger,2013_10_Anticipation,2013_10_Disgust,2013_10_Fear,2013_10_Joy,2013_10_Sadness,2013_10_Surprise,2013_10_Trust,2013_11_Anger,2013_11_Anticipation,2013_11_Disgust,2013_11_Fear,2013_11_Joy,2013_11_Sadness,2013_11_Surprise,2013_11_Trust,2013_12_Anger,2013_12_Anticipation,2013_12_Disgust,2013_12_Fear,2013_12_Joy,2013_12_Sadness,2013_12_Surprise,2013_12_Trust,2014_01_Anger,2014_01_Anticipation,2014_01_Disgust,2014_01_Fear,2014_01_Joy,2014_01_Sadness,2014_01_Surprise,2014_01_Trust,2014_02_Anger,2014_02_Anticipation,2014_02_Disgust,2014_02_Fear,2014_02_Joy,2014_02_Sadness,2014_02_Surprise,2014_02_Trust,2014_03_Anger,2014_03_Anticipation,2014_03_Disgust,2014_03_Fear,2014_03_Joy,2014_03_Sadness,2014_03_Surprise,2014_03_Trust,2014_04_Anger,2014_04_Anticipation,2014_04_Disgust,2014_04_Fear,2014_04_Joy,2014_04_Sadness,2014_04_Surprise,2014_04_Trust,2014_05_Anger,2014_05_Anticipation,2014_05_Disgust,2014_05_Fear,2014_05_Joy,2014_05_Sadness,2014_05_Surprise,2014_05_Trust,2014_06_Anger,2014_06_Anticipation,2014_06_Disgust,2014_06_Fear,2014_06_Joy,2014_06_Sadness,2014_06_Surprise,2014_06_Trust,2014_07_Anger,2014_07_Anticipation,2014_07_Disgust,2014_07_Fear,2014_07_Joy,2014_07_Sadness,2014_07_Surprise,2014_07_Trust,2014_08_Anger,2014_08_Anticipation,2014_08_Disgust,2014_08_Fear,2014_08_Joy,2014_08_Sadness,2014_08_Surprise,2014_08_Trust,2014_09_Anger,2014_09_Anticipation,2014_09_Disgust,2014_09_Fear,2014_09_Joy,2014_09_Sadness,2014_09_Surprise,2014_09_Trust,2014_10_Anger,2014_10_Anticipation,2014_10_Disgust,2014_10_Fear,2014_10_Joy,2014_10_Sadness,2014_10_Surprise,2014_10_Trust,2014_11_Anger,2014_11_Anticipation,2014_11_Disgust,2014_11_Fear,2014_11_Joy,2014_11_Sadness,2014_11_Surprise,2014_11_Trust,2014_12_Anger,2014_12_Anticipation,2014_12_Disgust,2014_12_Fear,2014_12_Joy,2014_12_Sadness,2014_12_Surprise,2014_12_Trust,2015_01_Anger,2015_01_Anticipation,2015_01_Disgust,2015_01_Fear,2015_01_Joy,2015_01_Sadness,2015_01_Surprise,2015_01_Trust,2015_02_Anger,2015_02_Anticipation,2015_02_Disgust,2015_02_Fear,2015_02_Joy,2015_02_Sadness,2015_02_Surprise,2015_02_Trust,2015_03_Anger,2015_03_Anticipation,2015_03_Disgust,2015_03_Fear,2015_03_Joy,2015_03_Sadness,2015_03_Surprise,2015_03_Trust,2015_04_Anger,2015_04_Anticipation,2015_04_Disgust,2015_04_Fear,2015_04_Joy,2015_04_Sadness,2015_04_Surprise,2015_04_Trust,2015_05_Anger,2015_05_Anticipation,2015_05_Disgust,2015_05_Fear,2015_05_Joy,2015_05_Sadness,2015_05_Surprise,2015_05_Trust,2015_06_Anger,2015_06_Anticipation,2015_06_Disgust,2015_06_Fear,2015_06_Joy,2015_06_Sadness,2015_06_Surprise,2015_06_Trust,2015_07_Anger,2015_07_Anticipation,2015_07_Disgust,2015_07_Fear,2015_07_Joy,2015_07_Sadness,2015_07_Surprise,2015_07_Trust,2015_08_Anger,2015_08_Anticipation,2015_08_Disgust,2015_08_Fear,2015_08_Joy,2015_08_Sadness,2015_08_Surprise,2015_08_Trust,2015_09_Anger,2015_09_Anticipation,2015_09_Disgust,2015_09_Fear,2015_09_Joy,2015_09_Sadness,2015_09_Surprise,2015_09_Trust,2015_10_Anger,2015_10_Anticipation,2015_10_Disgust,2015_10_Fear,2015_10_Joy,2015_10_Sadness,2015_10_Surprise,2015_10_Trust,2015_11_Anger,2015_11_Anticipation,2015_11_Disgust,2015_11_Fear,2015_11_Joy,2015_11_Sadness,2015_11_Surprise,2015_11_Trust,2015_12_Anger,2015_12_Anticipation,2015_12_Disgust,2015_12_Fear,2015_12_Joy,2015_12_Sadness,2015_12_Surprise,2015_12_Trust,2016_01_Anger,2016_01_Anticipation,2016_01_Disgust,2016_01_Fear,2016_01_Joy,2016_01_Sadness,2016_01_Surprise,2016_01_Trust,2016_02_Anger,2016_02_Anticipation,2016_02_Disgust,2016_02_Fear,2016_02_Joy,2016_02_Sadness,2016_02_Surprise,2016_02_Trust,2016_03_Anger,2016_03_Anticipation,2016_03_Disgust,2016_03_Fear,2016_03_Joy,2016_03_Sadness,2016_03_Surprise,2016_03_Trust,2016_04_Anger,2016_04_Anticipation,2016_04_Disgust,2016_04_Fear,2016_04_Joy,2016_04_Sadness,2016_04_Surprise,2016_04_Trust,2016_05_Anger,2016_05_Anticipation,2016_05_Disgust,2016_05_Fear,2016_05_Joy,2016_05_Sadness,2016_05_Surprise,2016_05_Trust,2016_06_Anger,2016_06_Anticipation,2016_06_Disgust,2016_06_Fear,2016_06_Joy,2016_06_Sadness,2016_06_Surprise,2016_06_Trust,2016_07_Anger,2016_07_Anticipation,2016_07_Disgust,2016_07_Fear,2016_07_Joy,2016_07_Sadness,2016_07_Surprise,2016_07_Trust,2016_08_Anger,2016_08_Anticipation,2016_08_Disgust,2016_08_Fear,2016_08_Joy,2016_08_Sadness,2016_08_Surprise,2016_08_Trust,2016_09_Anger,2016_09_Anticipation,2016_09_Disgust,2016_09_Fear,2016_09_Joy,2016_09_Sadness,2016_09_Surprise,2016_09_Trust,2016_10_Anger,2016_10_Anticipation,2016_10_Disgust,2016_10_Fear,2016_10_Joy,2016_10_Sadness,2016_10_Surprise,2016_10_Trust,2016_11_Anger,2016_11_Anticipation,2016_11_Disgust,2016_11_Fear,2016_11_Joy,2016_11_Sadness,2016_11_Surprise,2016_11_Trust,2016_12_Anger,2016_12_Anticipation,2016_12_Disgust,2016_12_Fear,2016_12_Joy,2016_12_Sadness,2016_12_Surprise,2016_12_Trust
AG,20,78,27,39,57,29,20,56,22.0,66.0,11.0,22.0,53.0,16.0,22.0,52.0,25,75,15,38,50,27,27,67,60,199,54,95,194,66,86,195,291,736,216,338,728,356,293,668,396,939,313,460,867,483,398,827,250,708,216,333,689,304,313,676,292,996,247,329,1106,333,315,760,163,455,152,217,385,236,195,433,336,799,282,439,752,447,358,788,326,872,288,416,833,444,378,841,378,857,325,449,878,461,384,805,359,981,326,462,919,512,421,966,256,672,228,356,677,338,272,656,313,919,272,453,982,426,373,922,396,1016,311,437,1004,451,448,994,533,1429,434,667,1526,696,674,1406,741,1692,559,869,1723,869,809,1811,No Data,No Data,No Data,No Data,No Data,No Data,No Data,No Data,No Data,No Data,No Data,No Data,No Data,No Data,No Data,No Data,154,401,115,209,443,173,145,382,373,963,272,474,902,494,391,903,479,1332,359,571,1380,632,576,1259,982,2826,852,1063,2822,1083,1463,2496,766,2415,604,915,2257,954,924,1837,552,1564,457,687,1577,777,804,1520,616,1572,457,682,1603,825,825,1558,430,1209,356,526,1151,580,542,1172,423,1157,365,565,1145,573,537,1199,496,1467,379,622,1356,653,680,1377,567,1611,453,731,1520,773,747,1497,627,1608,534,787,1611,792,789,1590,559,1328,371,677,1288,661,615,1415,117,253,86,137,215,137,99,267,432,1001,277,570,1028,482,430,1010,315,680,249,419,642,366,234,717,373,837,282,480,786,469,342,842,320,829,245,412,673,404,377,849,141,366,123,170,291,166,160,358,333,561,244,525,474,427,259,637,1032,1918,727,1475,1613,1152,812,2171,792,1823,622,1219,1468,947,724,1929,662,1781,506,982,1381,760,671,2010,474,1510,356,686,1204,578,569,1648,426,1194,342,578,1045,493,469,1303,170,898,126,240,946,214,576,910,460,1602,353,708,1985,703,595,1777,508,1780,383,688,1920,675,706,1616,462,1520,351,633,1575,524,639,1434,505,1357,374,712,1014,602,539,1294,488,1327,384,732,1089,588,525,1437,513,1188,434,679,980,598,465,1318,750,1520,569,1135,1209,979,666,1612,623,1603,449,844,1385,754,649,1710,644,1575,494,1091,1484,773,594,1800,463,1218,368,879,1217,553,449,1377,278,914,254,782,944,361,242,1055,No Data,No Data,No Data,No Data,No Data,No Data,No Data,No Data,No Data,No Data,No Data,No Data,No Data,No Data,No Data,No Data,No Data,No Data,No Data,No Data,No Data,No Data,No Data,No Data
AI,0,1,0,0,1,0,0,0,No Data,No Data,No Data,No Data,No Data,No Data,No Data,No Data,0,0,0,0,0,0,0,0,2,3,1,1,8,3,3,9,28,62,24,38,61,33,19,43,14,16,7,19,23,14,11,10,13,16,11,10,18,10,6,17,15,14,8,10,9,9,14,11,4,5,3,3,1,3,2,4,1,4,2,1,3,2,1,5,5,8,3,6,6,4,4,5,2,3,0,2,9,1,4,4,3,6,4,1,9,0,3,9,3,6,2,4,5,4,10,5,1,6,4,2,8,3,2,8,1,5,3,4,4,3,4,2,5,13,4,6,9,6,4,8,4,18,3,4,21,5,6,17,No Data,No Data,No Data,No Data,No Data,No Data,No Data,No Data,No Data,No Data,No Data,No Data,No Data,No Data,No Data,No Data,0,5,0,0,5,1,3,3,11,12,12,15,3,7,4,7,3,5,1,3,7,1,4,8,1,5,1,1,5,2,1,2,1,4,1,0,4,2,3,3,0,7,0,1,6,1,3,6,2,13,2,4,6,5,5,7,4,9,3,6,13,6,9,9,27,48,12,113,30,28,25,66,9,23,5,13,21,11,11,19,7,27,11,11,31,12,18,22,16,24,8,11,25,12,10,24,4,22,3,8,28,8,14,24,0,3,0,0,3,0,1,3,3,13,5,5,14,5,9,14,2,7,0,1,6,1,3,5,1,7,0,4,5,1,1,6,1,15,2,1,13,2,4,12,0,3,1,1,2,1,3,1,1,4,1,2,2,1,0,2,2,24,6,6,21,3,10,19,4,13,3,7,27,2,5,18,26,43,24,19,37,31,17,40,9,35,7,7,28,9,13,23,3,17,3,6,22,6,7,19,2,12,2,3,6,3,1,6,10,40,5,7,22,8,14,16,5,40,4,8,16,7,11,18,1,12,1,5,10,2,3,9,2,4,1,3,4,2,4,4,4,14,8,7,19,8,8,16,2,23,4,3,26,5,12,22,1,13,2,2,16,4,7,17,16,33,11,9,32,12,16,22,8,37,7,19,29,9,21,41,1,21,2,3,17,5,10,13,0,1,0,1,2,0,1,3,No Data,No Data,No Data,No Data,No Data,No Data,No Data,No Data,No Data,No Data,No Data,No Data,No Data,No Data,No Data,No Data,No Data,No Data,No Data,No Data,No Data,No Data,No Data,No Data
AR,1,2,0,0,1,0,1,1,0.0,0.0,0.0,0.0,0.0,0.0,0.0,0.0,1,2,3,1,0,1,1,2,9,17,9,11,13,7,4,13,20,32,22,14,30,20,17,40,46,38,24,47,38,50,15,67,20,38,12,19,67,36,23,44,16,38,12,17,52,19,20,34,6,10,3,5,22,9,8,21,27,77,18,30,82,32,41,85,13,45,16,15,41,14,19,46,24,57,31,40,67,36,20,62,1,21,3,1,27,3,8,18,7,13,4,5,10,4,6,11,2,14,3,14,8,12,6,10,9,21,5,10,16,8,10,22,6,22,7,4,13,13,8,18,22,99,14,30,162,31,7,39,No Data,No Data,No Data,No Data,No Data,No Data,No Data,No Data,No Data,No Data,No Data,No Data,No Data,No Data,No Data,No Data,4,15,4,5,14,10,9,18,2,161,3,6,272,13,8,163,3,128,6,6,113,6,5,70,9,102,10,11,112,79,25,39,21,171,14,25,137,146,36,83,25,45,20,33,30,30,29,44,14,30,5,21,23,20,14,30,54,57,20,35,58,35,30,57,5,5,3,9,6,6,2,7,23,41,21,32,35,25,20,44,24,54,24,36,50,32,21,60,41,130,34,29,112,37,51,127,1,8,0,4,7,1,2,6,4,6,3,5,5,7,3,5,3,6,1,7,5,7,3,4,21,41,22,21,45,21,13,42,20,40,24,28,48,28,21,40,47,70,41,56,89,57,23,76,1,22,1,3,14,4,10,19,4,12,4,1,13,4,7,15,21,39,14,26,37,22,17,28,9,23,4,10,22,11,12,14,10,25,8,14,23,15,7,19,30,77,25,50,74,37,27,82,4,16,4,9,19,9,11,17,2,15,5,1,13,7,3,12,18,56,19,27,48,29,25,63,22,65,15,21,62,21,18,51,9,47,10,15,41,15,26,39,6,48,7,12,40,4,20,34,10,62,12,15,57,14,27,49,15,45,10,21,46,19,19,30,23,85,12,32,68,23,30,64,21,44,9,23,38,28,20,38,28,32,15,38,47,28,13,38,9,14,9,9,6,8,1,7,3,8,2,4,11,5,5,9,No Data,No Data,No Data,No Data,No Data,No Data,No Data,No Data,No Data,No Data,No Data,No Data,No Data,No Data,No Data,No Data,No Data,No Data,No Data,No Data,No Data,No Data,No Data,No Data
BE,54,156,41,108,98,59,51,119,43.0,204.0,44.0,87.0,146.0,61.0,79.0,145.0,64,171,45,88,132,72,63,155,254,676,219,324,610,337,303,614,718,2006,602,932,1846,874,893,1840,826,2123,773,1119,1920,1036,917,2048,843,2414,690,1173,2294,1140,1018,2346,945,2628,752,1444,2519,1279,1056,2686,560,1314,447,787,1269,800,598,1347,702,2090,687,1039,2075,1042,860,2253,627,2070,537,807,1930,877,844,1965,857,2263,731,1044,2117,1143,975,2150,857,2270,736,1081,2201,1136,905,2233,642,1654,535,754,1525,853,683,1536,858,2027,703,1086,1803,1155,863,2029,747,2192,699,1038,1935,1082,881,2250,907,2422,831,1251,2135,1308,996,2470,1092,2866,1003,1465,2573,1512,1247,2937,No Data,No Data,No Data,No Data,No Data,No Data,No Data,No Data,No Data,No Data,No Data,No Data,No Data,No Data,No Data,No Data,262,712,243,346,672,383,324,733,779,2335,734,1202,2217,1171,972,2389,805,2007,653,1052,2048,1020,872,2070,1000,2939,933,1230,3063,1381,1304,2889,930,2684,822,1188,2448,1281,1063,2622,988,2792,814,1371,2567,1338,1146,2861,977,2959,855,1431,2723,1373,1296,3077,1069,3195,839,1521,2678,1431,1287,3321,898,2690,825,1426,2429,1234,1062,2821,1122,3144,882,1567,2902,1455,1279,3041,1218,3207,957,1549,3076,1463,1356,3062,1641,5065,1217,2596,4917,2146,2064,4793,1216,3318,974,1747,2972,1841,1509,3331,1343,1838,714,1384,2110,1221,932,2432,2301,4467,1474,3064,4457,2593,1860,5195,2170,4431,1610,2659,4239,2659,1767,4879,2429,4513,1738,3131,4000,2902,1713,4875,807,2118,613,1003,1845,968,1078,1937,388,842,303,450,734,436,372,928,319,932,232,413,777,366,377,939,1322,3351,958,1640,3228,1541,1299,3734,1161,3029,913,1531,2602,1423,1251,3162,1402,3719,1004,1997,4234,1790,1524,4102,1558,4232,1156,2489,4320,2002,1691,4697,776,2220,611,1152,1993,1047,890,2568,311,840,213,393,726,416,365,909,1217,2614,994,1544,2414,1533,1199,3127,1127,3124,822,1401,2988,1375,1320,3471,1205,3261,946,1561,2983,1492,1398,3455,1033,2507,763,1197,2339,1224,1154,2713,1148,3183,840,1474,2876,1469,1503,3202,1100,3428,866,1440,3167,1515,1801,3563,1261,4001,935,1690,3632,1860,1952,4124,1664,4255,1204,2011,3607,2110,1828,4005,1582,4552,1113,2215,4321,1944,2105,4493,797,2771,630,1252,2677,1104,1270,2604,459,1692,321,785,1598,646,809,1687,No Data,No Data,No Data,No Data,No Data,No Data,No Data,No Data,No Data,No Data,No Data,No Data,No Data,No Data,No Data,No Data,No Data,No Data,No Data,No Data,No Data,No Data,No Data,No Data
BL,1,4,0,2,6,2,4,5,5.0,5.0,1.0,3.0,2.0,2.0,0.0,5.0,3,7,1,4,6,2,2,9,54,155,42,56,208,62,53,117,111,259,217,112,248,119,117,216,179,364,143,170,323,157,173,366,173,285,158,159,329,168,141,286,190,459,168,230,481,240,196,420,92,166,78,112,176,105,72,164,163,432,158,216,393,209,210,367,240,487,211,274,490,295,221,463,280,641,239,288,578,289,281,525,256,488,232,286,422,255,206,420,207,535,207,336,486,242,190,512,162,362,142,197,277,176,168,322,186,451,175,211,388,206,194,412,258,567,208,316,462,296,232,551,321,517,257,343,505,367,257,610,No Data,No Data,No Data,No Data,No Data,No Data,No Data,No Data,No Data,No Data,No Data,No Data,No Data,No Data,No Data,No Data,52,103,39,62,98,75,41,107,203,529,155,264,492,255,273,539,259,565,205,314,547,307,256,523,612,1448,557,608,1369,591,799,1205,450,1497,402,550,1434,576,496,1070,216,450,205,280,420,279,191,479,245,548,210,319,521,311,278,507,162,418,156,238,345,247,181,406,130,356,110,180,294,219,141,354,347,791,302,449,661,427,319,825,357,858,348,476,896,482,550,944,286,835,232,389,725,375,323,764,231,549,169,299,420,279,222,481,70,176,60,102,134,83,70,159,231,489,172,254,503,257,217,484,205,462,191,244,431,242,216,461,98,260,90,118,223,141,112,237,52,202,36,71,183,79,80,178,41,121,36,49,95,43,48,102,84,128,56,83,116,92,67,132,160,418,164,242,395,263,201,401,191,432,169,242,368,250,192,433,156,343,125,191,287,184,170,270,275,528,209,310,477,331,231,507,181,339,159,267,301,275,169,353,60,172,52,70,116,73,61,139,175,453,138,272,398,236,200,419,211,544,194,295,547,341,244,536,184,492,149,274,470,248,220,463,134,383,96,197,346,204,159,361,210,523,169,323,486,281,222,474,199,529,142,262,443,249,241,528,194,536,146,235,487,244,228,519,229,377,152,228,352,255,200,468,172,388,123,208,383,211,162,410,104,287,80,147,261,137,124,278,102,233,61,104,190,119,101,237,No Data,No Data,No Data,No Data,No Data,No Data,No Data,No Data,No Data,No Data,No Data,No Data,No Data,No Data,No Data,No Data,No Data,No Data,No Data,No Data,No Data,No Data,No Data,No Data
BS,27,44,20,36,41,31,26,64,17.0,34.0,14.0,25.0,30.0,21.0,16.0,31.0,14,53,9,16,46,28,27,44,98,229,77,106,192,110,118,235,237,652,209,298,579,291,297,599,353,1071,309,423,1046,514,565,905,211,555,176,288,523,283,256,502,249,660,222,309,602,331,309,604,218,510,165,262,449,247,237,472,276,674,245,344,585,332,299,622,326,701,256,397,667,382,317,678,259,748,205,338,710,293,352,697,274,707,251,343,680,342,338,722,307,617,303,355,582,362,290,618,248,698,213,325,607,342,313,606,331,799,283,429,681,444,353,780,242,711,206,317,644,324,325,668,366,849,282,374,833,494,415,767,No Data,No Data,No Data,No Data,No Data,No Data,No Data,No Data,No Data,No Data,No Data,No Data,No Data,No Data,No Data,No Data,88,237,83,108,206,127,107,219,371,765,299,438,711,450,334,861,364,859,287,473,827,504,398,884,560,1107,411,622,1137,663,516,1029,369,784,280,449,748,470,370,763,361,800,267,448,803,419,438,850,568,1194,361,678,1229,663,598,1272,492,926,363,564,976,556,446,1042,408,891,300,486,825,470,444,879,444,1206,346,501,1216,696,657,1066,460,1228,367,612,1155,565,750,1171,476,825,347,552,735,530,374,847,381,833,280,448,727,456,383,894,266,449,198,319,380,256,214,488,334,819,262,443,697,373,355,813,230,629,165,314,611,253,252,677,274,699,211,380,654,339,284,757,166,494,131,255,433,250,219,509,67,150,51,91,137,88,63,150,62,158,48,79,134,87,55,136,295,789,260,401,746,458,376,811,422,1256,288,517,1251,829,773,1031,381,803,241,512,701,449,366,835,467,987,334,579,852,576,472,1038,377,784,292,505,674,450,354,848,154,359,115,211,341,197,176,357,245,670,174,314,619,340,291,653,237,698,208,315,650,298,325,678,267,649,207,334,585,326,297,692,241,717,220,381,656,339,299,704,460,1834,369,1013,1395,702,651,1794,292,802,231,386,786,438,377,1047,580,1422,443,702,1218,702,624,1581,527,1963,402,715,1774,1238,1170,1477,427,960,336,546,858,557,414,1180,185,457,150,277,388,248,174,581,166,395,112,220,336,208,153,456,No Data,No Data,No Data,No Data,No Data,No Data,No Data,No Data,No Data,No Data,No Data,No Data,No Data,No Data,No Data,No Data,No Data,No Data,No Data,No Data,No Data,No Data,No Data,No Data
FR,8,10,7,11,10,9,3,8,5.0,13.0,7.0,12.0,12.0,9.0,7.0,12.0,3,26,2,6,20,7,11,27,347,630,237,355,581,596,317,867,585,1280,431,609,1145,1334,747,1583,400,963,329,420,844,1139,602,1118,348,1085,322,439,989,1089,630,1144,368,1147,318,519,1038,890,626,1126,244,659,246,340,600,716,352,859,632,1737,638,834,1578,1472,903,2051,608,1494,670,673,1339,1404,748,1759,707,1957,756,938,1805,1626,940,2546,1007,2176,1005,1142,1979,2155,1067,2727,614,1407,605,696,1286,1380,670,1671,821,1741,764,898,1590,1584,907,2034,964,1978,922,1097,1761,1693,967,2480,1135,2497,1174,1357,2224,1895,1243,3191,825,1647,798,947,1413,1267,806,2116,No Data,No Data,No Data,No Data,No Data,No Data,No Data,No Data,No Data,No Data,No Data,No Data,No Data,No Data,No Data,No Data,171,397,142,225,371,302,173,469,659,1514,548,819,1367,1048,668,1698,829,1749,738,1004,1744,1293,845,2252,1591,3519,1372,1709,3644,2261,1783,3869,1136,3097,1022,1344,2956,1716,1136,2821,763,1660,733,958,1485,1253,725,1978,906,1819,789,1065,1650,1397,882,2178,867,1811,711,850,1692,1307,907,2065,751,1506,697,912,1392,1119,733,1903,864,1601,755,879,1353,1121,743,1892,948,2180,807,991,2108,1492,1000,2276,956,2351,858,1169,2440,1655,1112,2531,485,1223,402,570,1062,719,575,1389,144,297,103,153,274,215,160,360,535,1090,485,587,923,786,495,1256,343,856,323,400,798,540,399,925,465,856,338,560,785,623,355,987,276,650,225,352,470,405,250,632,78,180,56,86,158,116,76,202,126,266,100,127,237,176,135,298,493,974,373,537,931,646,439,1179,461,1114,343,539,992,607,526,1322,376,822,293,462,766,520,364,911,455,1119,364,603,1063,630,515,1259,497,986,382,604,925,702,462,1129,94,246,67,106,234,151,110,289,496,1072,361,622,1009,731,575,1244,436,970,314,594,1211,623,493,1246,362,854,283,478,928,545,438,1053,460,924,303,535,960,662,447,1134,428,968,322,568,947,600,492,1110,386,907,286,464,936,535,462,1044,435,966,337,457,941,647,539,1180,529,1050,394,593,1024,777,579,1333,412,829,298,473,752,590,436,960,193,476,143,235,433,285,220,564,152,376,127,170,341,245,163,427,No Data,No Data,No Data,No Data,No Data,No Data,No Data,No Data,No Data,No Data,No Data,No Data,No Data,No Data,No Data,No Data,No Data,No Data,No Data,No Data,No Data,No Data,No Data,No Data
GE,44,185,38,81,142,103,78,197,77.0,268.0,59.0,105.0,209.0,142.0,117.0,268.0,121,315,78,154,244,167,132,357,732,1619,591,897,1473,1219,803,1885,1757,5345,1488,2340,4821,3493,2482,8743,1992,5582,1729,2664,4926,3572,2596,6184,1710,5164,1574,2456,4521,3595,2443,5641,2363,5909,2068,2884,5475,4335,3064,6605,1143,3206,1073,1504,2649,2402,1547,3637,2866,7163,2783,3625,6070,5295,3281,8397,4318,10176,4414,5528,8506,7684,4731,13073,4746,11965,5082,5733,9466,8502,5297,14773,7460,17861,8400,9341,13810,14038,7896,22719,5943,15692,6767,7497,12272,11572,6639,19287,8516,22369,10151,10538,17193,16086,9070,27623,8196,20705,9632,9993,15525,15225,8661,25648,9155,24215,10934,11252,17981,17018,10083,29937,7678,19812,8491,9343,15103,13857,8179,23728,No Data,No Data,No Data,No Data,No Data,No Data,No Data,No Data,0.0,1.0,0.0,0.0,1.0,0.0,0.0,1.0,2253,6151,2678,2862,4547,4191,2411,7120,5989,16117,6963,7681,12284,11541,6304,18821,5907,15292,6828,7211,12132,10700,6370,18316,7608,20581,8968,9367,16330,13372,8545,22972,6348,17216,7273,8172,12851,11492,6751,18961,5809,15777,6706,7307,11920,10389,6206,17640,5975,14982,6153,7540,11122,9840,6186,17622,5024,12459,5431,5990,10615,8707,4924,14260,6255,14511,6458,7303,12620,10228,6346,16903,7313,16086,7506,8030,12730,11723,6906,19436,5964,13246,5925,6860,10538,10155,5711,15814,6403,14811,6452,7915,12132,11239,6157,17628,4926,11581,4543,5755,9852,8357,5008,13238,2886,3901,1747,3179,3488,2924,1999,4290,3648,8404,3272,4501,6806,6475,3754,10150,3258,8081,2947,3910,6461,5799,3387,9731,3861,8466,3475,4833,6739,6447,3744,10097,1962,4920,1616,2431,4047,3270,2157,5706,1105,2622,862,1309,2113,1537,1175,3190,950,2109,837,1147,1694,1628,998,2557,3370,8036,2853,4251,6550,5597,3623,9560,3675,8272,2976,4505,6787,5851,3617,10103,3480,7966,2641,4089,7552,5342,3872,9217,4220,9452,3001,4883,8250,6284,4375,10352,2408,5686,1891,3055,5034,4121,2438,6686,831,2303,639,1116,1954,1433,991,2676,3376,7380,2521,4299,6092,5090,3227,8738,3054,7207,2333,3802,6834,4775,3220,8666,3336,7562,2569,4276,6268,5145,3318,8891,2538,5992,1865,3388,4807,4111,2588,7040,3551,8258,2618,4423,6731,5183,3598,9877,3666,7696,2793,4596,6827,4881,3376,9189,3837,8863,2813,4882,7514,4947,3653,10496,4377,9647,2839,5419,8145,5276,4276,10950,3176,6842,2292,4372,6422,4194,2971,8321,1803,4149,1362,2597,4195,2473,1840,4730,1141,2693,777,1504,2377,1511,1138,3077,No Data,No Data,No Data,No Data,No Data,No Data,No Data,No Data,No Data,No Data,No Data,No Data,No Data,No Data,No Data,No Data,No Data,No Data,No Data,No Data,No Data,No Data,No Data,No Data
GL,1,4,0,0,4,2,1,5,2.0,3.0,1.0,3.0,1.0,3.0,2.0,0.0,0,2,0,0,4,0,0,4,6,14,4,7,18,5,13,16,5,54,8,5,77,10,42,62,5,49,3,5,53,9,29,38,4,41,6,3,53,3,20,42,7,43,4,9,49,11,20,28,2,16,3,1,25,3,13,23,12,78,10,23,89,14,53,80,4,65,12,8,100,8,45,63,1,105,6,11,127,10,71,108,10,74,10,12,85,6,46,63,9,79,6,12,104,10,50,82,46,149,39,62,153,59,85,123,32,151,23,49,182,37,75,145,56,175,49,86,191,80,83,183,16,72,13,15,94,20,45,65,No Data,No Data,No Data,No Data,No Data,No Data,No Data,No Data,No Data,No Data,No Data,No Data,No Data,No Data,No Data,No Data,2,14,2,4,9,5,1,7,13,29,22,12,29,12,12,28,12,23,6,11,20,17,9,21,405,912,369,362,878,371,560,738,236,1132,190,275,1058,272,286,607,6,27,10,9,36,12,7,27,30,74,18,41,70,37,38,59,49,96,38,56,120,60,53,112,38,113,31,78,96,47,43,101,25,51,23,32,57,34,24,51,23,50,12,19,54,30,17,57,49,74,36,43,64,40,32,84,28,82,19,57,170,61,56,121,8,77,17,26,111,10,44,74,31,728,30,554,310,36,160,211,3,633,24,337,713,126,405,431,32,95,25,35,123,22,58,87,8,80,10,10,159,15,65,92,5,70,5,6,103,1,51,65,1,33,0,2,54,1,31,42,15,202,12,11,304,7,180,229,13,101,8,17,168,8,82,111,11,57,5,19,81,16,43,66,11,111,7,12,161,6,85,116,19,95,17,17,148,15,70,101,1,11,0,0,14,0,8,13,6,18,7,9,12,8,9,18,11,22,7,12,22,15,14,24,8,33,4,7,34,9,10,31,0,12,0,4,13,5,6,17,15,31,11,23,27,24,25,34,3,22,3,3,14,5,5,15,4,24,4,6,32,7,4,24,4,16,3,6,7,7,9,14,4,26,4,7,21,6,7,18,1,12,1,2,11,3,5,7,6,6,3,4,6,4,2,7,No Data,No Data,No Data,No Data,No Data,No Data,No Data,No Data,No Data,No Data,No Data,No Data,No Data,No Data,No Data,No Data,No Data,No Data,No Data,No Data,No Data,No Data,No Data,No Data
GR,44,112,51,73,98,60,51,196,30.0,72.0,26.0,38.0,51.0,33.0,33.0,82.0,27,68,23,39,58,40,26,70,50,96,33,63,84,53,39,110,153,347,121,158,352,165,176,370,109,340,87,135,316,128,162,316,231,677,190,313,728,283,312,603,172,718,163,255,705,245,310,605,49,198,36,61,179,57,71,164,133,440,125,199,403,181,182,358,148,337,107,149,314,136,164,319,245,756,184,269,678,274,319,687,337,1195,293,477,1165,454,567,1287,257,773,229,360,681,343,325,710,202,553,161,297,499,244,238,522,162,420,141,240,421,220,207,419,110,383,103,188,367,177,184,360,220,493,180,290,415,277,200,514,No Data,No Data,No Data,No Data,No Data,No Data,No Data,No Data,No Data,No Data,No Data,No Data,No Data,No Data,No Data,No Data,60,117,49,89,101,80,48,102,144,341,103,187,322,164,157,338,72,273,65,116,254,122,100,280,1153,3015,1032,1108,2965,1147,1713,2596,1053,4007,846,1319,3607,1278,1294,2992,339,961,249,417,987,415,416,915,278,743,229,372,692,372,315,791,175,373,158,212,356,202,153,407,169,375,145,214,329,186,134,341,189,477,174,254,424,238,207,428,231,613,224,304,550,300,286,555,336,847,310,438,770,407,352,880,176,327,131,213,299,152,170,339,47,88,38,62,72,42,42,82,146,332,102,191,294,166,154,318,227,742,202,281,660,269,307,685,686,1754,490,883,1436,743,761,1841,534,924,407,558,816,565,471,919,193,327,176,203,289,204,140,321,20,43,11,24,44,17,13,42,48,198,36,73,180,74,72,185,218,445,111,219,430,192,192,541,171,569,119,193,474,187,218,554,348,751,183,369,702,356,329,677,132,289,83,203,264,170,113,284,55,91,45,78,81,60,44,115,151,347,124,207,242,178,141,385,254,841,205,297,735,290,356,771,659,1953,413,960,1532,757,865,2066,318,734,214,333,639,315,297,732,410,1183,294,497,974,487,497,1120,170,498,143,220,395,210,188,458,182,522,139,226,436,231,190,441,192,690,158,294,587,250,275,598,362,1330,276,518,1102,453,549,1164,165,500,116,228,479,214,192,494,65,148,45,78,141,59,64,151,No Data,No Data,No Data,No Data,No Data,No Data,No Data,No Data,No Data,No Data,No Data,No Data,No Data,No Data,No Data,No Data,No Data,No Data,No Data,No Data,No Data,No Data,No Data,No Data
JU,1,0,1,0,0,0,0,0,0.0,1.0,0.0,2.0,1.0,1.0,1.0,1.0,2,24,1,22,1,1,1,2,20,111,24,57,90,225,55,104,17,377,13,55,348,617,315,222,18,305,21,55,293,747,258,231,179,696,123,152,1788,1214,547,679,63,444,74,77,418,651,357,290,22,210,21,31,211,463,174,186,35,333,30,67,341,726,280,241,60,361,49,77,392,751,293,312,13,218,16,27,219,481,182,190,58,268,63,74,251,868,205,246,30,263,32,34,249,635,217,230,44,341,49,52,343,680,265,301,59,259,60,85,246,536,211,241,59,168,61,72,149,225,91,183,79,172,79,106,177,118,90,206,No Data,No Data,No Data,No Data,No Data,No Data,No Data,No Data,No Data,No Data,No Data,No Data,No Data,No Data,No Data,No Data,29,65,30,32,50,46,40,70,120,278,139,151,215,209,122,295,103,234,122,140,218,173,110,302,347,836,306,313,752,362,468,757,239,905,194,273,796,316,269,544,101,238,115,153,225,174,94,257,96,218,88,145,196,157,98,216,53,170,46,68,153,115,56,161,61,168,63,96,150,107,84,195,77,232,71,112,170,133,100,212,126,241,97,142,197,162,100,249,66,247,67,87,154,107,95,199,69,157,78,102,159,111,84,176,33,88,27,38,76,62,36,108,91,178,74,92,158,105,97,203,194,526,236,276,481,317,187,554,184,346,197,233,327,270,165,436,82,222,72,94,190,130,108,259,52,91,47,56,80,59,50,108,13,30,13,18,22,15,13,33,50,107,46,66,98,69,49,120,49,83,37,68,78,79,42,97,52,299,37,204,134,76,75,142,51,123,48,88,339,86,180,252,41,99,33,52,91,59,48,109,16,31,9,16,33,18,12,34,58,104,42,69,84,93,48,110,59,143,56,86,152,77,74,148,33,84,25,48,78,51,37,83,102,170,74,107,143,135,80,251,94,176,76,98,170,161,93,218,90,236,73,109,205,164,121,227,48,134,38,61,128,78,71,135,84,165,70,97,144,107,76,202,60,152,44,97,126,84,82,159,14,59,18,22,63,40,27,64,32,50,26,41,42,38,34,52,No Data,No Data,No Data,No Data,No Data,No Data,No Data,No Data,No Data,No Data,No Data,No Data,No Data,No Data,No Data,No Data,No Data,No Data,No Data,No Data,No Data,No Data,No Data,No Data
LU,18,23,14,15,27,12,18,39,15.0,32.0,8.0,15.0,21.0,10.0,17.0,45.0,24,64,18,35,47,29,26,79,115,264,48,119,253,100,131,238,238,588,180,321,509,276,240,570,168,508,138,254,466,223,221,444,264,722,223,388,660,365,315,593,299,718,255,368,617,331,289,581,147,380,118,202,324,204,139,377,260,729,206,384,637,366,290,719,378,742,303,469,667,494,330,766,273,612,223,350,608,323,259,541,381,855,301,493,781,495,364,836,287,609,238,388,521,353,264,561,253,720,212,355,619,349,274,705,362,890,282,521,860,532,445,883,629,1225,464,712,1239,739,550,1176,359,887,280,481,1007,487,431,887,No Data,No Data,No Data,No Data,No Data,No Data,No Data,No Data,No Data,No Data,No Data,No Data,No Data,No Data,No Data,No Data,113,252,95,152,235,139,98,260,281,756,201,371,764,382,293,690,284,733,250,377,701,360,317,684,670,1846,570,753,1836,740,932,1648,519,1854,435,696,1760,668,598,1338,458,1129,359,587,1046,606,455,1137,520,1151,380,666,1080,603,451,1089,426,1334,305,511,1352,504,593,1193,362,957,276,469,830,456,344,884,433,1088,317,591,973,561,444,1017,684,1724,532,861,1615,833,691,1600,565,1686,472,835,1719,759,676,1721,462,1110,291,451,1116,542,472,1022,110,295,94,155,288,141,129,310,320,1060,238,531,1113,435,486,840,730,2104,647,784,1472,409,424,1302,257,1194,203,380,880,346,251,941,275,805,252,474,648,364,294,667,82,326,71,125,261,104,108,328,104,303,78,160,293,146,121,278,434,1240,348,664,1246,648,546,1198,365,940,301,440,905,435,415,838,336,1004,226,475,949,461,404,940,637,1524,544,883,1835,822,745,1678,262,712,206,433,703,364,308,670,84,198,69,130,191,91,81,192,354,795,312,470,761,427,358,783,382,893,321,481,910,457,411,981,409,787,330,502,797,476,347,841,329,795,267,421,786,410,320,780,361,1141,283,428,1095,434,649,1095,508,1160,368,619,1204,591,590,1139,423,1306,326,586,1115,560,532,1235,438,1313,339,587,1025,553,520,1074,437,1369,309,765,1079,518,540,1061,168,536,144,266,540,218,215,490,113,331,76,160,329,142,132,326,No Data,No Data,No Data,No Data,No Data,No Data,No Data,No Data,No Data,No Data,No Data,No Data,No Data,No Data,No Data,No Data,No Data,No Data,No Data,No Data,No Data,No Data,No Data,No Data
NE,18,42,13,27,28,21,15,47,22.0,70.0,22.0,28.0,62.0,29.0,31.0,70.0,9,28,7,17,25,14,10,29,40,173,41,72,130,205,82,154,94,592,81,270,444,619,326,448,131,684,125,287,535,669,334,607,138,717,121,356,529,643,385,583,233,894,169,497,636,622,421,717,256,667,146,417,535,567,324,697,543,1400,404,951,1149,1162,643,1568,744,1721,720,952,1394,1689,880,2030,1025,2518,1027,1335,2078,2116,1193,2997,1426,3092,1418,1893,2462,2955,1539,3955,1340,3155,1337,1797,2552,2704,1555,3534,1829,4209,1800,2446,3390,3385,2055,5102,1589,3935,1588,2091,3178,3115,1973,4570,1488,3688,1630,1882,2941,2616,1739,4208,1470,3238,1454,1763,2675,2357,1619,3831,No Data,No Data,No Data,No Data,No Data,No Data,No Data,No Data,0.0,0.0,0.0,0.0,0.0,0.0,0.0,0.0,358,938,423,452,758,655,493,1069,1060,2559,1114,1290,1976,1654,1117,2937,964,2451,1127,1233,2028,1591,1197,2866,1182,3028,1453,1448,2539,1891,1481,3384,1144,2757,1259,1492,2193,1931,1234,3056,920,2200,1145,1216,1780,1711,984,2584,1044,2309,1186,1231,1804,1680,1053,2615,872,1849,951,1031,1444,1322,815,2121,1047,2389,1076,1262,2181,1790,1017,2716,993,2037,997,1042,1666,1442,947,2471,660,1484,624,810,1277,1073,681,1705,1132,2753,985,1386,3482,1806,1424,3240,985,2782,957,1202,3240,1736,1483,2817,214,507,208,250,412,335,251,534,549,1247,480,627,1015,890,625,1339,431,1081,433,509,964,701,489,1175,627,1153,552,751,966,932,503,1348,327,756,269,362,650,546,317,850,98,268,100,149,214,184,144,323,139,310,119,160,264,263,138,342,548,1164,544,580,1016,890,544,1349,594,1239,454,686,1036,990,593,1275,347,704,281,363,568,488,326,779,445,1043,390,494,1000,746,518,1273,373,676,292,403,560,606,319,829,214,250,161,199,217,234,131,349,497,953,363,595,833,853,479,1054,419,746,268,461,662,562,337,887,473,1015,378,599,853,838,432,1203,477,796,408,533,716,754,389,947,635,1022,473,724,901,933,548,1438,650,1069,462,699,877,924,500,1457,561,913,375,603,776,788,456,1132,418,871,337,465,750,610,446,1016,342,665,280,451,597,541,375,782,215,475,166,257,472,319,257,574,244,445,164,274,359,370,213,609,No Data,No Data,No Data,No Data,No Data,No Data,No Data,No Data,No Data,No Data,No Data,No Data,No Data,No Data,No Data,No Data,No Data,No Data,No Data,No Data,No Data,No Data,No Data,No Data
NW,1,2,0,0,1,0,1,1,2.0,2.0,1.0,4.0,1.0,3.0,1.0,0.0,0,0,0,1,0,1,0,0,5,18,6,3,20,6,7,14,16,68,20,21,66,30,36,58,24,57,18,25,47,24,25,52,11,41,9,14,41,10,21,35,22,68,18,35,77,36,31,59,18,57,10,17,43,23,21,48,91,203,68,106,172,103,82,173,67,165,51,110,141,106,81,168,165,298,108,207,265,205,137,324,52,188,53,78,151,71,72,173,97,222,62,126,187,116,97,198,87,212,83,137,190,140,96,235,49,146,60,81,115,73,67,138,125,236,104,166,193,152,110,236,136,244,135,208,225,213,103,296,No Data,No Data,No Data,No Data,No Data,No Data,No Data,No Data,No Data,No Data,No Data,No Data,No Data,No Data,No Data,No Data,12,46,11,20,35,22,25,36,28,100,25,45,78,51,44,72,14,40,10,17,41,25,20,47,401,961,366,341,930,360,571,767,265,1103,211,304,1031,318,284,648,70,117,61,117,106,89,53,178,72,133,49,97,125,86,59,153,91,123,64,102,107,100,58,139,64,146,48,91,144,102,68,179,156,199,121,182,181,182,80,240,99,209,78,139,201,113,75,203,50,147,46,72,137,67,50,125,42,76,29,52,94,42,29,75,9,25,8,13,32,10,13,27,36,79,23,37,66,37,30,54,28,70,33,35,69,54,28,61,24,62,22,48,39,35,20,51,20,42,16,23,42,21,18,39,7,8,6,10,5,10,5,9,8,9,4,8,12,6,7,12,18,82,12,42,87,24,23,91,44,116,36,76,109,53,37,115,51,150,39,102,121,75,47,131,32,142,27,51,121,44,41,123,26,106,13,56,97,37,24,103,18,37,6,29,43,17,11,32,47,98,29,60,103,59,48,98,49,128,38,68,135,50,43,125,38,77,22,81,59,40,20,92,19,63,11,30,58,20,22,52,25,95,21,47,94,50,48,112,33,86,22,43,80,46,41,92,76,174,38,98,143,90,76,157,80,179,52,117,176,120,78,193,54,224,45,187,213,60,53,232,14,61,14,53,60,23,12,62,14,36,14,31,35,21,18,41,No Data,No Data,No Data,No Data,No Data,No Data,No Data,No Data,No Data,No Data,No Data,No Data,No Data,No Data,No Data,No Data,No Data,No Data,No Data,No Data,No Data,No Data,No Data,No Data
OW,2,1,0,3,2,1,2,4,1.0,7.0,1.0,1.0,12.0,1.0,6.0,9.0,2,11,2,1,6,1,2,3,39,102,27,57,78,57,56,90,39,117,42,59,88,97,51,114,68,179,50,81,129,127,65,153,52,143,48,68,141,75,54,148,56,124,52,82,116,78,62,139,10,45,7,15,42,16,19,43,19,58,25,29,47,33,26,61,24,98,36,41,81,44,47,96,38,130,50,70,131,67,54,150,48,96,36,54,103,47,52,102,53,133,44,64,125,65,63,136,74,191,63,75,173,91,84,189,64,168,77,82,194,83,95,211,51,174,53,80,157,88,75,161,53,126,33,69,124,57,65,135,No Data,No Data,No Data,No Data,No Data,No Data,No Data,No Data,No Data,No Data,No Data,No Data,No Data,No Data,No Data,No Data,19,71,15,22,63,39,31,76,119,243,86,138,220,151,99,252,136,392,111,155,303,175,147,376,137,345,98,134,270,151,126,291,128,334,102,137,265,131,137,325,105,327,98,148,266,139,130,363,102,376,72,132,253,145,105,377,75,368,59,95,189,89,79,367,156,447,108,202,356,186,150,444,174,442,108,209,359,216,188,445,262,545,195,357,488,405,250,603,130,345,98,168,323,181,147,334,57,244,68,111,272,115,112,260,33,107,19,45,132,44,38,126,149,2054,117,185,4818,290,1814,2611,449,1444,353,547,1792,569,776,1441,556,1041,457,690,878,672,459,1164,523,1284,411,916,954,726,394,1292,208,374,152,300,283,257,151,409,236,438,171,306,312,278,202,471,431,1355,329,619,1148,602,551,1399,574,1758,418,802,1522,685,721,1521,400,1141,264,603,992,558,448,1161,644,1706,477,845,2114,1469,787,2404,498,1259,328,662,1171,601,660,1363,220,614,169,292,606,300,253,736,1299,2722,877,1585,2532,1415,1181,3230,578,1729,398,752,1617,705,738,1683,651,1686,432,900,1535,847,744,1797,280,978,188,407,821,354,364,908,358,880,228,386,785,374,413,887,379,899,217,425,867,422,427,1122,403,912,324,491,879,565,449,1076,354,854,257,403,796,419,407,925,424,990,299,517,969,531,474,1009,201,489,139,256,509,244,187,491,112,310,81,167,325,158,167,318,No Data,No Data,No Data,No Data,No Data,No Data,No Data,No Data,No Data,No Data,No Data,No Data,No Data,No Data,No Data,No Data,No Data,No Data,No Data,No Data,No Data,No Data,No Data,No Data
SG,13,46,20,17,33,14,19,38,16.0,53.0,18.0,28.0,41.0,26.0,28.0,65.0,14,60,11,22,46,19,28,41,51,157,44,68,103,65,55,98,131,381,122,176,328,209,156,345,165,398,120,194,350,183,147,337,170,485,143,217,493,199,194,440,203,533,162,246,539,227,241,480,79,247,81,103,234,125,102,223,291,793,231,335,700,322,356,685,328,765,267,362,691,399,315,726,307,762,251,368,788,389,297,705,274,671,256,322,635,357,287,593,198,523,173,236,452,239,228,463,214,765,206,326,660,329,323,702,247,612,184,305,558,310,256,574,326,880,277,403,832,375,395,811,281,692,238,344,726,367,336,663,No Data,No Data,No Data,No Data,No Data,No Data,No Data,No Data,No Data,No Data,No Data,No Data,No Data,No Data,No Data,No Data,145,321,105,158,327,137,147,337,381,851,318,482,803,423,379,822,298,693,266,368,636,382,269,650,1167,2755,1050,1102,2569,1102,1467,2288,822,3077,674,981,2899,1015,1000,2029,292,843,242,421,781,405,405,854,304,851,265,389,727,362,335,784,375,1213,342,489,1070,513,512,1076,369,1077,272,438,1013,450,532,1027,444,1387,365,538,1429,524,540,1623,369,1190,310,430,1185,494,588,1117,411,1160,343,538,1105,556,524,1156,411,1037,312,543,886,523,463,1066,82,300,71,95,236,103,122,265,367,985,294,482,864,505,450,910,222,624,166,268,574,260,292,569,219,613,170,302,527,302,239,626,229,501,192,281,446,297,216,535,80,222,72,121,180,127,93,178,98,239,69,134,206,129,95,231,589,1091,367,704,959,663,490,1118,296,804,213,371,699,361,373,772,274,785,219,367,673,412,320,719,288,734,198,340,697,365,327,766,153,379,106,192,324,178,154,391,172,1114,124,190,1055,181,375,1157,376,1106,300,486,1026,432,390,1131,292,730,201,399,666,378,324,743,428,779,319,531,702,529,346,899,358,703,250,436,598,443,313,715,369,905,248,491,769,472,471,890,257,635,181,337,602,344,309,721,371,1048,259,514,960,514,510,1087,406,1096,336,540,943,549,461,1150,433,909,293,544,890,499,449,996,218,618,155,284,540,279,314,641,168,332,119,191,305,175,155,372,No Data,No Data,No Data,No Data,No Data,No Data,No Data,No Data,No Data,No Data,No Data,No Data,No Data,No Data,No Data,No Data,No Data,No Data,No Data,No Data,No Data,No Data,No Data,No Data
SH,1,5,0,1,2,1,4,2,2.0,1.0,1.0,1.0,3.0,1.0,1.0,5.0,1,3,0,2,1,2,1,1,9,28,6,11,28,7,6,25,32,75,20,40,52,32,25,67,14,32,7,25,30,24,17,38,16,40,6,23,28,12,17,44,63,102,44,63,87,68,33,110,13,40,6,14,36,19,20,38,35,100,25,38,71,39,35,81,13,54,13,25,45,15,19,47,29,83,9,30,77,26,36,92,33,94,26,38,70,31,38,81,14,38,9,13,30,18,16,39,42,100,42,52,78,58,42,117,85,175,78,114,173,115,79,222,14,50,6,15,48,21,18,47,49,50,36,38,67,50,17,71,No Data,No Data,No Data,No Data,No Data,No Data,No Data,No Data,No Data,No Data,No Data,No Data,No Data,No Data,No Data,No Data,6,13,5,5,10,6,5,18,97,200,108,107,183,111,76,261,91,124,88,90,121,101,46,184,401,1027,387,377,927,371,572,866,320,1171,238,338,1085,318,324,683,70,136,53,84,107,89,55,150,59,135,50,61,116,79,53,145,52,115,44,60,88,71,44,119,50,96,34,57,100,58,60,117,66,114,46,71,70,107,47,127,79,186,66,86,155,111,56,175,59,183,44,70,162,88,62,180,35,145,24,35,130,33,61,143,1,9,0,3,12,2,3,12,33,39,24,38,48,41,16,154,62,81,50,63,101,72,39,95,70,158,43,78,185,78,40,151,35,55,17,37,87,44,30,84,3,10,0,3,5,2,5,8,2,18,1,10,21,10,10,11,23,164,19,44,147,44,93,92,28,58,15,25,52,25,25,60,32,89,21,43,104,43,36,104,153,232,86,154,182,198,85,268,42,99,33,48,87,86,27,117,7,26,3,5,24,7,9,28,44,113,28,49,83,63,53,111,60,124,54,58,120,107,51,138,60,125,45,63,113,121,43,160,22,47,19,36,57,27,22,61,60,159,41,89,127,77,77,176,76,152,44,84,123,132,53,161,104,188,93,129,174,166,65,191,318,594,246,449,533,383,308,561,188,272,115,240,250,252,120,302,88,169,61,105,144,112,59,163,26,35,11,14,33,24,13,35,No Data,No Data,No Data,No Data,No Data,No Data,No Data,No Data,No Data,No Data,No Data,No Data,No Data,No Data,No Data,No Data,No Data,No Data,No Data,No Data,No Data,No Data,No Data,No Data
SO,5,12,5,12,12,8,3,16,3.0,13.0,3.0,7.0,16.0,7.0,8.0,13.0,5,11,3,7,11,6,7,16,176,270,124,168,255,169,144,361,116,373,91,145,335,142,185,353,113,323,95,132,261,152,122,296,120,328,96,153,270,135,139,296,123,335,94,124,289,136,130,332,90,179,66,98,165,98,73,183,170,380,145,187,366,199,176,412,174,387,130,176,315,171,163,378,192,370,159,165,336,199,147,347,166,400,141,227,336,217,185,381,114,324,104,193,280,198,112,320,127,335,126,159,275,172,143,344,216,421,166,221,360,259,167,410,270,618,206,330,572,338,280,581,209,430,175,245,595,275,187,443,No Data,No Data,No Data,No Data,No Data,No Data,No Data,No Data,No Data,No Data,No Data,No Data,No Data,No Data,No Data,No Data,38,143,37,47,140,57,61,118,128,273,108,136,281,161,124,276,145,278,121,188,302,201,120,318,589,1334,533,560,1313,593,682,1232,519,1654,410,588,1587,580,525,1200,266,610,242,343,528,283,267,571,255,574,215,307,514,293,245,577,252,540,182,322,506,251,235,487,238,645,153,288,702,279,274,726,246,639,185,292,617,287,290,640,232,691,171,328,680,331,345,714,286,867,206,466,678,403,373,721,221,681,170,345,535,260,254,555,151,104,21,59,188,55,151,219,188,460,148,225,372,179,172,428,104,270,92,141,259,134,107,272,150,341,127,200,346,233,177,358,126,238,92,123,221,123,114,246,49,111,31,52,87,64,50,115,60,149,32,78,135,77,54,158,177,507,145,253,435,220,211,504,211,461,142,257,440,271,228,533,341,751,211,429,691,399,371,827,298,628,216,355,608,349,309,667,204,385,113,216,317,232,207,405,32,95,34,37,98,40,48,115,177,369,133,237,350,193,174,369,178,430,128,210,435,178,199,453,302,715,207,327,700,313,376,701,209,503,164,272,574,247,245,554,250,505,183,313,421,303,205,491,149,453,122,213,421,220,221,478,214,535,161,278,488,274,249,539,231,533,164,298,460,268,244,494,242,637,153,292,553,279,296,624,92,257,60,118,238,103,137,226,63,137,64,97,115,88,75,153,No Data,No Data,No Data,No Data,No Data,No Data,No Data,No Data,No Data,No Data,No Data,No Data,No Data,No Data,No Data,No Data,No Data,No Data,No Data,No Data,No Data,No Data,No Data,No Data
SZ,5,7,3,3,4,5,2,6,5.0,11.0,1.0,6.0,9.0,3.0,2.0,8.0,4,7,2,4,5,3,1,10,12,27,14,14,17,14,21,25,30,98,22,40,91,42,54,78,35,95,25,41,75,35,39,80,34,165,38,44,153,58,73,136,66,142,65,72,156,83,70,139,24,82,17,33,83,47,46,83,31,151,29,69,138,61,57,145,66,223,50,88,176,73,67,175,47,149,40,54,141,59,68,119,71,212,70,86,291,88,78,223,54,126,42,62,164,54,58,120,34,147,32,57,158,63,61,144,35,119,33,46,140,60,48,128,100,258,80,108,609,155,162,296,163,338,152,178,316,234,118,346,No Data,No Data,No Data,No Data,No Data,No Data,No Data,No Data,No Data,No Data,No Data,No Data,No Data,No Data,No Data,No Data,19,73,11,18,64,23,34,68,41,184,26,55,208,67,87,179,42,133,35,62,153,60,71,129,229,610,216,204,601,216,344,485,127,623,102,163,596,148,188,403,24,145,24,40,124,52,61,130,29,102,31,51,81,42,38,92,39,106,28,38,107,46,46,116,73,203,54,71,185,77,98,211,40,149,28,62,145,54,75,141,76,231,54,92,217,90,105,198,42,176,28,68,173,96,86,157,46,160,34,60,169,57,64,155,9,39,6,15,39,11,16,42,38,115,30,50,105,59,59,116,73,144,66,62,142,87,55,122,55,131,54,85,116,64,70,146,20,91,13,46,105,72,41,97,16,56,13,22,61,23,22,56,15,15,8,12,11,15,7,16,70,187,57,69,171,70,93,159,40,126,33,47,130,49,47,123,51,203,32,70,200,63,103,203,83,303,61,135,276,119,123,408,36,107,39,35,93,37,60,103,31,71,17,29,46,24,23,60,49,172,44,70,163,67,77,205,28,143,26,40,133,39,65,110,60,119,37,66,103,62,62,137,62,152,54,89,123,73,68,131,76,283,73,165,228,117,93,223,55,182,43,74,174,73,76,176,137,242,113,173,206,180,104,224,81,232,62,106,219,118,106,227,103,277,82,127,269,152,132,260,65,229,50,107,206,126,84,204,23,81,20,22,81,28,38,65,No Data,No Data,No Data,No Data,No Data,No Data,No Data,No Data,No Data,No Data,No Data,No Data,No Data,No Data,No Data,No Data,No Data,No Data,No Data,No Data,No Data,No Data,No Data,No Data
TG,2,6,1,4,6,5,3,9,6.0,8.0,3.0,5.0,7.0,2.0,5.0,7.0,2,7,2,5,2,4,1,3,72,174,55,84,158,106,66,185,173,479,151,267,401,236,157,500,122,377,102,156,325,184,119,383,52,233,42,75,166,76,68,150,129,327,99,176,256,170,131,278,68,176,57,86,134,84,76,122,140,315,130,167,264,154,131,254,126,432,109,163,405,182,172,405,205,490,179,249,506,258,205,474,136,404,130,192,381,222,152,363,137,342,117,160,293,172,120,312,106,369,103,151,286,141,112,301,116,416,81,169,360,146,163,369,315,542,146,252,1109,383,203,427,112,361,94,149,533,128,145,325,No Data,No Data,No Data,No Data,No Data,No Data,No Data,No Data,No Data,No Data,No Data,No Data,No Data,No Data,No Data,No Data,55,91,45,65,104,63,46,104,128,238,99,137,341,126,98,230,143,270,105,163,260,177,122,285,331,894,302,344,851,387,462,834,261,896,227,328,894,315,289,727,173,526,134,245,499,269,218,639,245,658,195,331,640,338,263,797,224,555,135,233,512,248,188,604,314,723,223,322,706,364,257,751,167,518,115,229,479,203,205,532,271,1227,238,388,1155,431,527,964,438,1444,327,358,2027,493,1000,2016,180,620,141,229,664,231,308,581,49,132,37,86,138,78,43,109,135,755,123,191,1046,243,292,655,397,1506,92,629,1722,377,1022,738,122,757,166,136,910,159,364,790,47,111,28,60,110,70,73,127,27,56,21,31,38,21,25,54,37,114,27,43,451,42,38,151,113,450,86,191,862,159,107,367,77,181,56,96,145,79,79,174,92,219,73,90,206,97,98,203,143,349,116,183,306,185,126,312,108,175,69,109,155,121,76,189,18,47,8,23,35,25,18,52,116,261,65,157,249,157,102,262,144,270,89,217,275,167,127,280,154,268,102,192,262,177,106,306,166,246,121,220,197,187,100,282,128,256,86,165,212,141,117,282,214,512,110,193,594,172,382,468,153,562,82,158,730,229,268,535,162,527,121,321,489,219,331,366,166,568,98,174,625,186,223,516,73,286,51,94,460,98,131,420,31,92,16,31,47,24,79,62,No Data,No Data,No Data,No Data,No Data,No Data,No Data,No Data,No Data,No Data,No Data,No Data,No Data,No Data,No Data,No Data,No Data,No Data,No Data,No Data,No Data,No Data,No Data,No Data
TI,13,35,6,20,27,19,15,24,15.0,17.0,7.0,13.0,15.0,15.0,9.0,29.0,22,33,12,28,35,31,18,36,156,400,133,216,360,215,168,496,623,1876,464,958,2108,831,752,2393,644,1595,510,805,1599,817,708,1834,633,1750,478,868,1878,836,806,2119,683,1919,550,830,2083,883,962,2303,367,947,295,486,880,487,455,1145,756,1870,567,916,1791,910,838,2220,972,2144,769,1166,2188,1224,926,2960,936,2452,765,1156,2794,1135,1257,3238,810,2105,562,1000,2271,988,1105,2468,518,1355,420,673,1301,674,609,1586,717,1612,617,928,1710,851,750,2069,443,1496,367,539,1585,596,699,1688,564,1640,446,665,1742,683,812,1953,740,2065,561,980,1847,880,946,2151,No Data,No Data,No Data,No Data,No Data,No Data,No Data,No Data,No Data,No Data,No Data,No Data,No Data,No Data,No Data,No Data,344,798,288,440,819,432,381,1075,689,1672,584,925,1568,931,791,1901,528,1472,441,705,1467,771,705,1740,709,1827,594,916,1856,930,918,2139,495,1646,447,747,1577,755,763,1864,617,1788,506,862,1729,898,883,2142,510,1467,389,682,1732,699,705,1788,530,1383,399,691,1256,644,630,1689,667,1843,543,844,1825,855,840,2204,582,1507,484,834,1494,712,608,1645,668,2077,550,878,2325,915,1080,2291,935,2225,598,1086,3274,1147,1008,2295,501,1466,426,675,1632,679,696,1692,211,542,154,302,545,241,271,684,556,1461,466,710,1463,729,641,1756,438,1274,351,526,1608,590,591,1480,518,1158,393,651,1094,701,569,1352,339,739,250,413,770,439,354,942,120,370,101,161,368,169,199,433,114,305,86,140,281,152,134,336,446,1195,337,556,1268,570,560,1465,353,1038,262,451,926,445,435,1043,560,1263,367,688,1296,657,575,1452,518,1388,376,675,1414,629,659,1435,389,918,226,400,910,501,491,1001,139,287,118,167,295,166,144,397,430,1146,287,523,1169,511,544,1286,516,1295,375,618,1430,675,618,1498,563,1369,564,720,1425,705,641,1665,433,1443,557,546,1718,748,737,1721,505,1379,398,685,1400,646,709,1617,504,1453,368,643,1685,629,775,1785,556,1503,423,704,1409,699,724,1767,629,1696,442,808,1577,761,800,1818,584,1525,423,755,1443,689,713,1645,445,1057,270,567,960,511,533,1063,197,413,143,275,426,244,218,541,No Data,No Data,No Data,No Data,No Data,No Data,No Data,No Data,No Data,No Data,No Data,No Data,No Data,No Data,No Data,No Data,No Data,No Data,No Data,No Data,No Data,No Data,No Data,No Data
UR,6,9,3,7,7,4,5,4,7.0,9.0,3.0,6.0,11.0,6.0,7.0,15.0,3,2,1,3,5,1,1,5,8,5,4,4,5,6,4,5,15,53,9,21,47,23,19,47,10,24,5,13,18,6,9,15,20,53,24,27,46,27,21,47,17,74,17,24,76,36,25,59,14,25,11,22,43,24,13,29,23,41,21,24,38,20,11,35,5,24,5,11,22,9,11,19,13,20,7,12,14,13,8,16,18,61,13,23,51,20,34,63,11,28,17,16,26,19,7,29,34,53,30,39,43,36,34,57,33,56,25,40,59,38,21,58,26,38,18,35,40,33,16,63,37,105,24,70,103,54,47,118,No Data,No Data,No Data,No Data,No Data,No Data,No Data,No Data,No Data,No Data,No Data,No Data,No Data,No Data,No Data,No Data,4,10,2,5,9,3,4,9,9,17,8,6,16,8,9,18,6,13,1,18,19,10,11,12,81,204,77,80,206,86,116,162,84,307,64,95,289,93,98,210,9,38,8,11,35,7,15,41,13,51,10,15,48,17,14,35,6,24,3,13,27,10,10,33,10,30,4,13,34,9,13,40,34,128,30,41,116,45,44,102,28,80,25,37,83,38,37,65,20,79,18,24,80,18,41,61,24,163,44,32,295,67,80,135,8,258,10,14,359,17,71,172,182,211,37,290,627,194,47,56,18,40,7,14,64,22,18,30,5,33,6,4,20,10,13,20,5,20,2,7,41,3,13,32,3,7,1,5,8,4,5,4,6,20,8,11,21,5,8,22,5,24,4,6,21,8,8,15,17,47,11,14,47,12,20,48,17,61,17,33,59,25,15,53,19,66,14,29,64,32,21,62,21,41,6,18,42,14,12,34,1,11,2,2,13,2,6,8,6,19,0,3,25,1,10,19,12,50,12,13,54,23,23,45,26,43,15,29,56,32,21,57,12,53,19,19,42,21,31,43,19,63,14,28,72,23,29,61,16,56,13,25,46,21,21,48,10,39,15,15,43,14,21,38,24,82,16,31,82,30,31,56,30,85,32,52,89,35,38,81,40,92,29,28,68,47,32,70,3,15,1,3,13,2,5,12,No Data,No Data,No Data,No Data,No Data,No Data,No Data,No Data,No Data,No Data,No Data,No Data,No Data,No Data,No Data,No Data,No Data,No Data,No Data,No Data,No Data,No Data,No Data,No Data
VD,75,213,68,118,174,112,82,251,82.0,182.0,59.0,115.0,147.0,104.0,80.0,200.0,85,200,64,123,178,149,105,242,476,1137,455,645,1037,730,510,1382,1235,3216,1132,1532,2900,1966,1516,3720,1324,3658,1216,1856,3249,2246,1712,4239,1627,4384,1408,2122,4082,2438,2127,4869,2135,4863,1855,2751,4497,3042,2194,5942,1171,2929,1125,1544,2737,1813,1435,3668,2677,6249,2588,3426,6155,4216,3016,7828,2876,8057,3018,3832,7664,4811,3970,9420,2554,6334,2715,3253,6080,4198,3010,8049,2620,6605,2667,3481,6476,4366,3298,8010,2151,5249,2292,2731,4645,3554,2508,6573,2760,6551,2977,3473,6129,4461,3169,8068,3281,7562,3242,3994,7242,5027,3492,9238,3063,7704,3299,3970,7013,5207,3599,9575,2996,7203,3152,3833,6434,4716,3393,8711,No Data,No Data,No Data,No Data,No Data,No Data,No Data,No Data,No Data,No Data,No Data,No Data,No Data,No Data,No Data,No Data,899,2299,936,1099,2216,1417,1001,2738,2708,6719,2596,3289,6005,4340,2948,7638,2886,6567,2804,3462,6069,4499,3154,7859,3787,9317,3721,4649,8681,5888,4337,10261,3068,7705,3077,3712,7289,4783,3347,8715,2960,6679,2931,3710,5978,4707,3058,8116,2998,7204,3022,3675,6914,4504,3374,8402,2975,6806,2707,3499,6512,4268,3325,8154,2961,7019,2766,3687,6398,4457,3334,8196,3863,8545,3352,4385,7498,5410,3869,9533,3269,8012,2762,4243,7174,4578,3597,8755,3018,7470,2714,3958,6760,4463,3304,8486,2638,6654,2466,3407,5976,4296,3055,7888,885,2166,697,1042,1888,1285,962,2522,2368,6386,2103,3045,5723,3648,2927,7294,1763,4725,1386,2093,5052,2720,2116,5416,1746,4081,1427,2114,6908,2546,1899,4594,1093,3044,878,1390,2806,1583,1371,3200,441,1045,406,544,1029,636,484,1321,487,1171,405,563,1140,718,630,1423,1696,4246,1419,2033,3795,2425,1927,4798,1592,3997,1191,1839,3818,2259,1931,4488,1827,5014,1470,2142,4623,2591,2531,5293,1748,4884,1501,2447,4675,2695,2159,5461,1442,3856,1176,1856,3609,2258,1837,4312,1657,1430,1637,1792,2376,868,644,2520,1995,4044,1485,2451,3766,2510,1973,4875,1582,3928,1221,1793,4025,2196,1982,4229,1518,3442,1249,1862,3356,2178,1651,4049,1567,3665,1284,1924,3433,2303,1715,4272,1785,4434,1378,2287,4193,2625,2015,4956,2012,4565,1521,2425,4246,2686,2283,5371,1872,4533,1417,2404,3978,2634,2173,5033,2726,5582,1871,3242,5193,3495,2817,6640,2818,5853,2074,3325,5433,3795,3079,6204,1278,2432,984,1710,2296,1760,1174,3014,933,1785,640,1034,1653,1123,866,2196,No Data,No Data,No Data,No Data,No Data,No Data,No Data,No Data,No Data,No Data,No Data,No Data,No Data,No Data,No Data,No Data,No Data,No Data,No Data,No Data,No Data,No Data,No Data,No Data
VS,50,106,33,66,92,65,55,120,31.0,61.0,15.0,30.0,51.0,46.0,26.0,67.0,35,83,20,36,80,39,44,110,101,624,85,385,338,366,201,447,450,2407,442,1538,1337,1334,933,1605,416,2472,405,1450,1520,1223,892,1712,469,2672,427,1553,1638,1422,1054,1736,671,2686,581,1632,1727,1531,1106,1988,279,1415,293,826,870,858,573,1135,693,2896,682,1752,1796,1706,1186,2316,548,2697,511,1534,1717,1615,1071,2071,933,3676,861,1949,2618,1943,1526,3029,1069,4136,1043,2139,3000,2657,1745,3479,809,3292,779,1839,2206,1930,1324,2824,1016,4099,1046,2190,3050,2467,1701,3834,1237,4286,1269,2333,3234,2645,1789,4375,955,2946,1084,1548,2481,1962,1329,3710,986,2753,1074,1317,2370,1845,1328,3268,No Data,No Data,No Data,No Data,No Data,No Data,No Data,No Data,No Data,No Data,No Data,No Data,No Data,No Data,No Data,No Data,236,729,287,360,633,472,325,843,849,2443,960,1092,2067,1532,1011,2628,795,2360,929,1065,1914,1455,976,2667,1777,5101,1689,2084,4563,2668,2326,5324,1319,4140,1236,1697,3464,2026,1544,3840,1238,3158,1240,1477,2715,1889,1432,3438,1276,3327,1263,1521,2961,2038,1501,3716,1184,3060,1103,1349,2646,1905,1361,3240,1029,2773,1003,1282,2448,1678,1249,3056,1280,3030,1162,1414,2531,2164,1822,3707,1313,3597,1227,1547,3128,2395,2177,4205,1288,3656,1165,1554,3167,2197,2242,4238,824,2353,780,1059,2097,1530,1774,3054,174,561,154,219,506,423,505,809,588,1852,525,722,1570,1353,1353,2410,658,2398,669,785,2136,1295,1491,2681,802,2348,728,936,2054,1658,1410,2600,555,1767,525,649,1529,1172,1016,1923,237,699,200,286,642,496,486,796,166,421,114,177,510,377,266,455,666,1957,581,719,1854,1366,1308,2224,745,2090,633,836,1804,1466,1479,2625,898,2661,672,1166,2417,1672,1697,3000,784,2570,627,949,2433,1543,1791,2979,485,1364,371,551,1194,952,959,1641,213,639,165,265,568,399,440,737,758,2095,596,932,1851,1472,1429,2429,796,2288,605,894,2042,1404,1772,2975,781,2501,701,892,2126,1556,1475,2821,764,2549,625,942,2152,1605,1360,2478,752,2560,581,934,2512,1549,1458,2540,872,2331,666,960,1985,1613,1441,2652,680,1985,509,798,1879,1308,1427,2396,719,2134,549,840,1965,1297,1674,2695,781,2464,578,974,2289,1422,1791,2959,476,1483,348,597,1532,874,1076,1790,187,710,162,258,626,430,497,818,No Data,No Data,No Data,No Data,No Data,No Data,No Data,No Data,No Data,No Data,No Data,No Data,No Data,No Data,No Data,No Data,No Data,No Data,No Data,No Data,No Data,No Data,No Data,No Data
ZG,3,10,2,2,3,3,5,8,29.0,84.0,20.0,43.0,42.0,37.0,31.0,82.0,13,77,14,18,41,15,22,57,22,85,11,36,58,50,31,69,88,222,57,114,198,106,87,196,94,187,58,97,162,99,84,185,109,252,82,128,229,142,119,274,162,280,121,124,268,139,134,275,47,111,35,55,100,62,47,130,88,215,67,92,194,94,91,194,95,291,85,127,249,127,129,284,91,238,67,91,189,89,91,214,98,271,71,128,224,118,124,258,130,270,89,134,215,139,115,273,100,283,90,111,255,118,118,296,107,243,97,133,224,148,118,277,155,278,121,150,287,168,126,287,128,312,130,159,231,140,124,307,No Data,No Data,No Data,No Data,No Data,No Data,No Data,No Data,No Data,No Data,No Data,No Data,No Data,No Data,No Data,No Data,25,67,20,39,50,41,28,54,101,230,78,133,197,117,105,223,104,325,85,126,312,122,150,331,135,438,130,184,422,221,184,398,135,449,104,186,426,193,185,402,202,562,150,261,710,271,234,574,244,601,182,289,609,265,312,644,250,715,204,301,663,314,304,689,190,649,128,254,647,250,312,609,127,538,100,175,562,153,294,523,139,347,99,198,314,164,156,346,152,486,104,266,353,179,171,431,91,309,74,121,302,106,127,291,46,167,34,68,147,55,61,183,140,331,103,165,275,134,152,376,108,253,88,131,207,147,93,241,120,386,97,177,285,165,143,355,88,251,75,135,206,116,144,299,26,126,14,37,104,35,56,130,33,91,17,70,78,78,44,106,139,424,100,199,377,174,163,430,178,460,122,248,374,215,190,478,106,298,81,134,227,102,99,298,165,368,127,227,336,210,165,413,102,258,69,130,204,118,119,269,35,107,26,48,86,35,46,122,155,353,106,192,337,180,149,361,85,297,71,143,254,130,120,266,130,320,72,164,228,162,118,316,171,409,136,236,325,218,157,419,370,744,211,446,597,396,359,807,134,456,101,177,383,191,193,448,144,430,98,199,377,186,195,437,234,573,173,296,434,290,250,605,142,373,107,178,328,175,154,365,80,284,56,115,234,98,142,277,70,192,60,93,148,87,75,178,No Data,No Data,No Data,No Data,No Data,No Data,No Data,No Data,No Data,No Data,No Data,No Data,No Data,No Data,No Data,No Data,No Data,No Data,No Data,No Data,No Data,No Data,No Data,No Data
ZH,191,517,173,250,384,242,194,451,187.0,511.0,153.0,259.0,430.0,210.0,240.0,496.0,196,634,171,277,483,267,230,566,647,1856,513,779,1621,803,701,1661,1632,4824,1294,2085,3868,2221,1970,4464,1875,4925,1509,2323,4050,2409,2131,4512,2171,5518,1705,2616,4894,2647,2302,5309,2512,6846,1984,3224,6020,3166,3245,6270,1170,3266,943,1538,2595,1491,1412,3025,2349,5354,1849,3048,4478,2738,2346,5080,2383,5668,1959,2954,4815,2931,2455,5714,2025,5329,1609,2569,4511,2455,2212,4877,2331,6707,1880,3030,5553,3083,2924,6070,2239,5487,1705,2708,4625,2713,2464,5258,2123,5762,1624,2750,4675,2613,2377,5561,2009,5440,1545,2532,4311,2391,2224,5072,2486,6911,1922,3219,5982,3002,2770,6820,2478,6102,1873,3173,5298,2862,2730,5860,No Data,No Data,No Data,No Data,No Data,No Data,No Data,No Data,No Data,No Data,No Data,No Data,No Data,No Data,No Data,No Data,883,2555,676,1167,2151,1074,1141,2278,2242,6044,1706,2896,5251,2813,2443,5674,2540,6480,1857,3122,5612,3025,2798,6023,3013,8648,2421,3611,7986,3603,4350,7472,2742,7434,2077,3646,6697,3339,3021,6758,2706,6484,2021,3588,5647,3384,2847,6580,3211,7875,2422,4202,6837,3889,3308,8182,2597,6646,1984,3380,5559,3033,2761,6741,2930,7469,2215,3684,6467,3578,3161,7128,3377,7938,2608,4230,6845,3938,3426,7404,3740,8511,2695,4534,7953,4197,3599,7898,3381,8639,2435,4367,7775,3971,3800,7986,2710,7256,2029,3521,6383,3319,3230,6753,1242,2507,776,1221,2290,1273,1100,2192,2915,6720,1724,2957,5776,3382,2637,5748,1957,5245,1698,2397,5066,2390,2261,5076,2535,6384,1955,3276,5613,3191,2788,6447,2381,5172,1647,2873,5833,2684,2733,5809,854,1889,618,1075,1633,957,858,1909,790,2494,515,975,2533,1111,806,2063,3131,7404,2380,3718,6567,3590,3148,7310,3344,7457,2522,4037,6385,3752,3259,7430,2992,7475,2221,3716,6445,3676,3211,7241,3173,7936,2337,4069,6995,4014,3373,8008,2103,5645,1501,2630,4649,2735,2348,5550,956,2399,685,1121,1987,1156,1070,2471,3760,8535,2646,5037,7541,4783,3708,9266,2787,7371,2130,3529,6668,3418,3209,7409,2527,7399,1964,3239,6338,3451,3273,7366,2745,6899,2002,3412,5882,3604,3134,6940,3091,8113,2280,3918,6740,3887,3663,7909,2808,7843,2098,3697,6600,3474,3381,7746,2974,8220,2189,3887,7156,3561,3561,8360,3223,8452,2356,4177,7301,4143,3865,8797,3551,8641,2518,4619,7444,4454,3899,8757,1609,4099,1203,2102,3906,2163,1875,3964,973,2950,674,1336,2454,1148,1159,2739,No Data,No Data,No Data,No Data,No Data,No Data,No Data,No Data,No Data,No Data,No Data,No Data,No Data,No Data,No Data,No Data,No Data,No Data,No Data,No Data,No Data,No Data,No Data,No Data
