canton,"2012,01,01_tweets","2012,01,02_tweets","2012,01,03_tweets","2012,01,04_tweets","2012,01,05_tweets","2012,01,06_tweets","2012,01,07_tweets","2012,01,08_tweets","2012,01,09_tweets","2012,01,10_tweets","2012,01,11_tweets","2012,01,12_tweets","2012,01,13_tweets","2012,01,14_tweets","2012,01,15_tweets","2012,01,16_tweets","2012,01,17_tweets","2012,01,18_tweets","2012,01,19_tweets","2012,01,20_tweets","2012,01,21_tweets","2012,01,22_tweets","2012,01,23_tweets","2012,01,24_tweets","2012,01,25_tweets","2012,01,26_tweets","2012,01,27_tweets","2012,01,28_tweets","2012,01,29_tweets","2012,01,30_tweets","2012,01,31_tweets","2012,02,01_tweets","2012,02,02_tweets","2012,02,03_tweets","2012,02,04_tweets","2012,02,05_tweets","2012,02,06_tweets","2012,02,07_tweets","2012,02,08_tweets","2012,02,09_tweets","2012,02,10_tweets","2012,02,11_tweets","2012,02,12_tweets","2012,02,13_tweets","2012,02,14_tweets","2012,02,15_tweets","2012,02,16_tweets","2012,02,17_tweets","2012,02,18_tweets","2012,02,19_tweets","2012,02,20_tweets","2012,02,21_tweets","2012,02,22_tweets","2012,02,23_tweets","2012,02,24_tweets","2012,02,25_tweets","2012,02,26_tweets","2012,02,27_tweets","2012,02,28_tweets","2012,02,29_tweets","2012,03,01_tweets","2012,03,02_tweets","2012,03,03_tweets","2012,03,04_tweets","2012,03,05_tweets","2012,03,06_tweets","2012,03,07_tweets","2012,03,08_tweets","2012,03,09_tweets","2012,03,10_tweets","2012,03,11_tweets","2012,03,12_tweets","2012,03,13_tweets","2012,03,14_tweets","2012,03,15_tweets","2012,03,16_tweets","2012,03,17_tweets","2012,03,18_tweets","2012,03,19_tweets","2012,03,20_tweets","2012,03,21_tweets","2012,03,22_tweets","2012,03,23_tweets","2012,03,24_tweets","2012,03,25_tweets","2012,03,26_tweets","2012,03,27_tweets","2012,03,28_tweets","2012,03,29_tweets","2012,03,30_tweets","2012,03,31_tweets","2012,04,01_tweets","2012,04,02_tweets","2012,04,03_tweets","2012,04,04_tweets","2012,04,05_tweets","2012,04,06_tweets","2012,04,07_tweets","2012,04,08_tweets","2012,04,09_tweets","2012,04,10_tweets","2012,04,11_tweets","2012,04,12_tweets","2012,04,13_tweets","2012,04,14_tweets","2012,04,15_tweets","2012,04,16_tweets","2012,04,17_tweets","2012,04,18_tweets","2012,04,19_tweets","2012,04,20_tweets","2012,04,21_tweets","2012,04,22_tweets","2012,04,23_tweets","2012,04,24_tweets","2012,04,25_tweets","2012,04,26_tweets","2012,04,27_tweets","2012,04,28_tweets","2012,04,29_tweets","2012,04,30_tweets","2012,05,01_tweets","2012,05,02_tweets","2012,05,03_tweets","2012,05,04_tweets","2012,05,05_tweets","2012,05,06_tweets","2012,05,07_tweets","2012,05,08_tweets","2012,05,09_tweets","2012,05,10_tweets","2012,05,11_tweets","2012,05,12_tweets","2012,05,13_tweets","2012,05,14_tweets","2012,05,15_tweets","2012,05,16_tweets","2012,05,17_tweets","2012,05,18_tweets","2012,05,19_tweets","2012,05,20_tweets","2012,05,21_tweets","2012,05,22_tweets","2012,05,23_tweets","2012,05,24_tweets","2012,05,25_tweets","2012,05,26_tweets","2012,05,27_tweets","2012,05,28_tweets","2012,05,29_tweets","2012,05,30_tweets","2012,05,31_tweets","2012,06,01_tweets","2012,06,02_tweets","2012,06,03_tweets","2012,06,04_tweets","2012,06,05_tweets","2012,06,06_tweets","2012,06,07_tweets","2012,06,08_tweets","2012,06,09_tweets","2012,06,10_tweets","2012,06,11_tweets","2012,06,12_tweets","2012,06,13_tweets","2012,06,14_tweets","2012,06,15_tweets","2012,06,16_tweets","2012,06,17_tweets","2012,06,18_tweets","2012,06,19_tweets","2012,06,20_tweets","2012,06,21_tweets","2012,06,22_tweets","2012,06,23_tweets","2012,06,24_tweets","2012,06,25_tweets","2012,06,26_tweets","2012,06,27_tweets","2012,06,28_tweets","2012,06,29_tweets","2012,06,30_tweets","2012,07,01_tweets","2012,07,02_tweets","2012,07,03_tweets","2012,07,04_tweets","2012,07,05_tweets","2012,07,06_tweets","2012,07,07_tweets","2012,07,08_tweets","2012,07,09_tweets","2012,07,10_tweets","2012,07,11_tweets","2012,07,12_tweets","2012,07,13_tweets","2012,07,14_tweets","2012,07,15_tweets","2012,07,16_tweets","2012,07,17_tweets","2012,07,18_tweets","2012,07,19_tweets","2012,07,20_tweets","2012,07,21_tweets","2012,07,22_tweets","2012,07,23_tweets","2012,07,24_tweets","2012,07,25_tweets","2012,07,26_tweets","2012,07,27_tweets","2012,07,28_tweets","2012,07,29_tweets","2012,07,30_tweets","2012,07,31_tweets","2012,08,01_tweets","2012,08,02_tweets","2012,08,03_tweets","2012,08,04_tweets","2012,08,05_tweets","2012,08,06_tweets","2012,08,07_tweets","2012,08,08_tweets","2012,08,09_tweets","2012,08,10_tweets","2012,08,11_tweets","2012,08,12_tweets","2012,08,13_tweets","2012,08,14_tweets","2012,08,15_tweets","2012,08,16_tweets","2012,08,17_tweets","2012,08,18_tweets","2012,08,19_tweets","2012,08,20_tweets","2012,08,21_tweets","2012,08,22_tweets","2012,08,23_tweets","2012,08,24_tweets","2012,08,25_tweets","2012,08,26_tweets","2012,08,27_tweets","2012,08,28_tweets","2012,08,29_tweets","2012,08,30_tweets","2012,08,31_tweets","2012,09,01_tweets","2012,09,02_tweets","2012,09,03_tweets","2012,09,04_tweets","2012,09,05_tweets","2012,09,06_tweets","2012,09,07_tweets","2012,09,08_tweets","2012,09,09_tweets","2012,09,10_tweets","2012,09,11_tweets","2012,09,12_tweets","2012,09,13_tweets","2012,09,14_tweets","2012,09,15_tweets","2012,09,16_tweets","2012,09,17_tweets","2012,09,18_tweets","2012,09,19_tweets","2012,09,20_tweets","2012,09,21_tweets","2012,09,22_tweets","2012,09,23_tweets","2012,09,24_tweets","2012,09,25_tweets","2012,09,26_tweets","2012,09,27_tweets","2012,09,28_tweets","2012,09,29_tweets","2012,09,30_tweets","2012,10,01_tweets","2012,10,02_tweets","2012,10,03_tweets","2012,10,04_tweets","2012,10,05_tweets","2012,10,06_tweets","2012,10,07_tweets","2012,10,08_tweets","2012,10,09_tweets","2012,10,10_tweets","2012,10,11_tweets","2012,10,12_tweets","2012,10,13_tweets","2012,10,14_tweets","2012,10,15_tweets","2012,10,16_tweets","2012,10,17_tweets","2012,10,18_tweets","2012,10,19_tweets","2012,10,20_tweets","2012,10,21_tweets","2012,10,22_tweets","2012,10,23_tweets","2012,10,24_tweets","2012,10,25_tweets","2012,10,26_tweets","2012,10,27_tweets","2012,10,28_tweets","2012,10,29_tweets","2012,10,30_tweets","2012,10,31_tweets","2012,11,01_tweets","2012,11,02_tweets","2012,11,03_tweets","2012,11,04_tweets","2012,11,05_tweets","2012,11,06_tweets","2012,11,07_tweets","2012,11,08_tweets","2012,11,09_tweets","2012,11,10_tweets","2012,11,11_tweets","2012,11,12_tweets","2012,11,13_tweets","2012,11,14_tweets","2012,11,15_tweets","2012,11,16_tweets","2012,11,17_tweets","2012,11,18_tweets","2012,11,19_tweets","2012,11,20_tweets","2012,11,21_tweets","2012,11,22_tweets","2012,11,23_tweets","2012,11,24_tweets","2012,11,25_tweets","2012,11,26_tweets","2012,11,27_tweets","2012,11,28_tweets","2012,11,29_tweets","2012,11,30_tweets","2012,12,01_tweets","2012,12,02_tweets","2012,12,03_tweets","2012,12,04_tweets","2012,12,05_tweets","2012,12,06_tweets","2012,12,07_tweets","2012,12,08_tweets","2012,12,09_tweets","2012,12,10_tweets","2012,12,11_tweets","2012,12,12_tweets","2012,12,13_tweets","2012,12,14_tweets","2012,12,15_tweets","2012,12,16_tweets","2012,12,17_tweets","2012,12,18_tweets","2012,12,19_tweets","2012,12,20_tweets","2012,12,21_tweets","2012,12,22_tweets","2012,12,23_tweets","2012,12,24_tweets","2012,12,25_tweets","2012,12,26_tweets","2012,12,27_tweets","2012,12,28_tweets","2012,12,29_tweets","2012,12,30_tweets","2012,12,31_tweets"
AG,7.0,6.0,13.0,10.0,14.0,17.0,17.0,6.0,14.0,6.0,3.0,4.0,7.0,12.0,13.0,8.0,7.0,12.0,17.0,10.0,6.0,2.0,4.0,9.0,28.0,26.0,15.0,10.0,9.0,14.0,11.0,8.0,15.0,11.0,17.0,25.0,1.0,8.0,9.0,14.0,6.0,10.0,6.0,18.0,19.0,7.0,8.0,11.0,20.0,19.0,13.0,8.0,7.0,20.0,17.0,13.0,7.0,15.0,13.0,7.0,3.0,11.0,16.0,8.0,9.0,9.0,13.0,13.0,15.0,6.0,10.0,17.0,20.0,12.0,22.0,13.0,44.0,17.0,19.0,4.0,10.0,12.0,27.0,20.0,11.0,15.0,11.0,3.0,9.0,8.0,8.0,9.0,15.0,8.0,7.0,13.0,3.0,8.0,11.0,3.0,8.0,12.0,17.0,7.0,7.0,7.0,5.0,5.0,29.0,83.0,146,110,137.0,119.0,100,142,125.0,33,9.0,2.0,72,105,98,84.0,124,74,143,146.0,87.0,104,140,177,162,160,130,141,128,135,96,131,81,115,123,131,113,161,127,140,119.0,130,202,168,180,161,167,157,216,220,169,254,256,224.0,254.0,201.0,199,138,169.0,191.0,142.0,92,143.0,211.0,188,163,199,126,126.0,137,162.0,105,110.0,97,158.0,127,106.0,139.0,138,107,127,122,84,130.0,134,153,134,116,127.0,134.0,57,107,130.0,125.0,113,107.0,100,96,161,120,121,117,144,121,168,144,254,299,329,265,167,112,113,131.0,156.0,140,184,194.0,168.0,162.0,106.0,152,155.0,163,172,139,129,2.0,87,83,3.0,121.0,163.0,158,106,203.0,145.0,159.0,138,No Data,135.0,153,No Data,No Data,6.0,No Data,No Data,No Data,No Data,No Data,5.0,1.0,No Data,124.0,137.0,63,134.0,139,188,176,151,123.0,170,149,117.0,143,229.0,170.0,175.0,190.0,180,217,260,172.0,152,150.0,124.0,195.0,142,171,162.0,225,178.0,217.0,164.0,No Data,No Data,152.0,224,184.0,155,174.0,228,194,129.0,95,131,168,214,208,211,164.0,124.0,136.0,113,150,168,118.0,147.0,111,167,130.0,109.0,173,201.0,181,157.0,158.0,138.0,153,137.0,213.0,206.0,177,159.0,135.0,177.0,216.0,No Data,157.0,155.0,130,210,190.0,225,162.0,183.0,212,165.0,128,126.0,178,179.0,121.0,136.0,146,164,100.0,159,148,194.0,137,98.0,195,164,119,123.0,239
AI,No Data,No Data,No Data,No Data,No Data,No Data,No Data,No Data,No Data,No Data,No Data,No Data,No Data,No Data,No Data,No Data,No Data,1.0,No Data,1.0,No Data,No Data,No Data,No Data,No Data,No Data,No Data,No Data,No Data,No Data,No Data,No Data,No Data,No Data,No Data,No Data,No Data,No Data,No Data,No Data,No Data,No Data,No Data,No Data,No Data,No Data,No Data,No Data,No Data,No Data,No Data,No Data,No Data,No Data,No Data,No Data,No Data,No Data,No Data,No Data,1.0,No Data,No Data,No Data,No Data,No Data,No Data,No Data,No Data,No Data,No Data,No Data,No Data,No Data,No Data,No Data,No Data,No Data,No Data,No Data,No Data,No Data,No Data,No Data,No Data,No Data,No Data,No Data,No Data,No Data,No Data,No Data,No Data,No Data,No Data,No Data,No Data,No Data,No Data,No Data,No Data,No Data,No Data,1.0,No Data,No Data,No Data,No Data,No Data,No Data,13,6,No Data,No Data,2,2,2.0,1,No Data,1.0,2,5,19,No Data,6,25,14,1.0,No Data,1,6,13,11,17,3,4,2,10,3,4,10,5,16,2,12,9,22,13,3.0,4,10,4,6,9,14,7,9,7,4,1,1,No Data,No Data,No Data,3,1,No Data,1.0,1.0,4,No Data,No Data,3,3,3,3,No Data,1,No Data,1,No Data,1,No Data,1,No Data,No Data,8,1,6,4,4,No Data,3,2,21,5,No Data,No Data,2,4,No Data,No Data,1,No Data,3,1,1,4,12,3,2,3,2,8,17,1,3,1,1,1,6,No Data,No Data,1,2,No Data,No Data,No Data,No Data,3,2.0,2,3,4,1,1.0,3,2,No Data,No Data,No Data,1,3,3.0,3.0,No Data,2,No Data,No Data,1,No Data,No Data,No Data,No Data,No Data,No Data,No Data,1.0,No Data,No Data,No Data,1.0,No Data,1,No Data,1,4,1,1,No Data,2,1,3.0,1,No Data,No Data,No Data,No Data,1,1,2,No Data,1,2.0,No Data,No Data,1,3,No Data,1,No Data,No Data,No Data,No Data,No Data,No Data,1,No Data,2,No Data,5,2,No Data,5,1,4,7,12,10,No Data,No Data,No Data,5,8,2,No Data,6.0,2,1,No Data,No Data,1,No Data,1,No Data,No Data,No Data,3,No Data,No Data,No Data,3,No Data,No Data,No Data,No Data,No Data,No Data,No Data,1,1,No Data,1,No Data,No Data,1,No Data,2,No Data,3,No Data,1.0,No Data,1,3,No Data,1,1,No Data,1,No Data,2,3,5,No Data,1
AR,No Data,No Data,No Data,No Data,No Data,4.0,No Data,No Data,No Data,No Data,No Data,No Data,No Data,No Data,No Data,No Data,No Data,No Data,2.0,1.0,No Data,No Data,No Data,No Data,No Data,No Data,No Data,No Data,No Data,1.0,No Data,No Data,No Data,No Data,No Data,No Data,No Data,No Data,1.0,1.0,No Data,1.0,No Data,No Data,No Data,No Data,No Data,No Data,No Data,No Data,No Data,No Data,No Data,No Data,No Data,No Data,No Data,No Data,No Data,1.0,1.0,1.0,2.0,1.0,1.0,No Data,1.0,1.0,No Data,No Data,No Data,No Data,No Data,No Data,No Data,1.0,1.0,No Data,No Data,No Data,No Data,No Data,No Data,1.0,No Data,No Data,No Data,1.0,No Data,3.0,6.0,4.0,6.0,6.0,5.0,No Data,No Data,5.0,2.0,1.0,2.0,7.0,5.0,7.0,5.0,1.0,8.0,No Data,13.0,9.0,10,5,2.0,12.0,14,9,5.0,4,1.0,5.0,2,9,13,5.0,7,10,9,No Data,12.0,11,23,6,12,9,10,9,2,3,4,6,2,8,8,4,7,4,2,4,No Data,7,4,7,3,15,14,6,11,15,3,7,3,9.0,7.0,8.0,9,3,9.0,No Data,6.0,7,17.0,9.0,15,20,3,2,10.0,10,9.0,7,8.0,2,5.0,2,7.0,7.0,13,8,17,1,5,9.0,15,8,5,9,No Data,10.0,3,1,8.0,5.0,2,1.0,8,6,1,4,6,3,2,2,5,5,9,5,7,9,10,16,8,10.0,7.0,3,5,2.0,2.0,3.0,1.0,3,No Data,3,15,5,3,No Data,4,2,No Data,6.0,4.0,2,14,2.0,No Data,2.0,10,No Data,8.0,4,No Data,1.0,No Data,No Data,No Data,No Data,No Data,No Data,No Data,No Data,No Data,No Data,5.0,6,3.0,3,7,10,9,2.0,7,4,No Data,2,3.0,5.0,1.0,10.0,9,1,2,4.0,2,No Data,1.0,5.0,3,2,5.0,25,13.0,17.0,21.0,No Data,No Data,17.0,21,10.0,22,21.0,26,16,8.0,21,10,3,13,63,50,6.0,3.0,6.0,8,3,16,7.0,6.0,6,9,2.0,17.0,17,7.0,3,2.0,2.0,1.0,6,6.0,4.0,6.0,6,2.0,7.0,4.0,6.0,No Data,9.0,6.0,10,7,4.0,10,4.0,1.0,9,7.0,11,14.0,7,6.0,5.0,10.0,3,5,6.0,1,28,83.0,15,4.0,4,11,3,3.0,2
BE,25.0,44.0,32.0,19.0,37.0,22.0,33.0,16.0,12.0,23.0,19.0,16.0,34.0,15.0,29.0,15.0,33.0,48.0,21.0,27.0,55.0,42.0,21.0,33.0,36.0,23.0,44.0,16.0,14.0,37.0,16.0,38.0,32.0,53.0,35.0,22.0,22.0,15.0,37.0,32.0,25.0,33.0,16.0,24.0,36.0,27.0,39.0,30.0,29.0,29.0,44.0,66.0,67.0,29.0,30.0,30.0,39.0,22.0,25.0,27.0,31.0,47.0,45.0,13.0,50.0,38.0,26.0,40.0,27.0,28.0,31.0,45.0,54.0,53.0,38.0,44.0,60.0,37.0,28.0,20.0,52.0,54.0,37.0,40.0,33.0,35.0,33.0,52.0,48.0,44.0,45.0,55.0,60.0,39.0,71.0,48.0,33.0,34.0,44.0,38.0,38.0,54.0,47.0,33.0,28.0,14.0,34.0,29.0,36.0,219.0,290,448,317.0,273.0,385,309,341.0,75,70.0,36.0,293,274,445,230.0,270,262,288,453.0,391.0,459,355,311,297,281,264,284,369,296,353,282,554,291,337,264,301,304,327,343,403.0,342,539,293,548,423,358,265,299,286,403,466,458,360.0,343.0,419.0,272,312,394.0,325.0,351.0,273,269.0,397.0,329,385,290,332,302.0,345,400.0,487,362.0,360,427.0,316,412.0,443.0,535,375,417,335,382,436.0,321,531,378,420,401.0,299.0,151,280,302.0,351.0,281,284.0,277,341,346,394,331,361,341,385,372,485,369,350,371,341,359,356,490,450.0,529.0,359,397,398.0,446.0,637.0,224.0,435,477.0,346,502,568,434,9.0,403,172,4.0,315.0,532.0,465,450,488.0,354.0,326.0,507,No Data,307.0,325,No Data,1.0,No Data,No Data,No Data,No Data,No Data,No Data,1.0,No Data,1.0,250.0,339.0,125,354.0,352,513,385,307,335.0,267,309,325.0,435,378.0,397.0,401.0,345.0,541,508,380,371.0,393,303.0,293.0,399.0,342,369,388.0,515,325.0,402.0,287.0,No Data,No Data,308.0,404,367.0,297,375.0,446,388,317.0,308,439,370,395,348,357,249.0,365.0,204.0,224,489,370,525.0,303.0,307,344,302.0,360.0,476,352.0,357,272.0,322.0,273.0,352,330.0,410.0,293.0,322,317.0,267.0,336.0,319.0,No Data,351.0,351.0,272,377,386.0,425,392.0,283.0,334,347.0,375,350.0,322,315.0,368.0,324.0,360,349,304.0,362,440,417.0,407,467.0,361,527,387,563.0,543
BL,No Data,2.0,No Data,No Data,No Data,1.0,No Data,1.0,No Data,2.0,1.0,5.0,No Data,2.0,3.0,1.0,No Data,No Data,No Data,1.0,No Data,No Data,1.0,No Data,5.0,2.0,No Data,1.0,2.0,No Data,1.0,No Data,1.0,1.0,3.0,3.0,No Data,No Data,1.0,1.0,No Data,No Data,1.0,No Data,No Data,No Data,1.0,3.0,2.0,1.0,No Data,1.0,11.0,1.0,2.0,No Data,1.0,7.0,1.0,4.0,3.0,2.0,1.0,3.0,2.0,4.0,4.0,4.0,1.0,1.0,1.0,No Data,1.0,2.0,No Data,1.0,No Data,2.0,1.0,1.0,3.0,2.0,1.0,5.0,No Data,4.0,2.0,No Data,No Data,6.0,1.0,No Data,2.0,1.0,5.0,2.0,4.0,1.0,No Data,No Data,2.0,1.0,1.0,No Data,1.0,No Data,1.0,No Data,2.0,26.0,62,62,45.0,55.0,108,50,86.0,13,3.0,3.0,54,21,99,66.0,34,27,46,34.0,54.0,115,46,44,57,192,32,45,43,35,32,45,48,62,91,61,45,47,78,24,29.0,123,37,35,39,49,30,21,142,40,57,170,191,165.0,147.0,51.0,60,50,79.0,67.0,33.0,169,68.0,49.0,61,66,43,59,37.0,53,55.0,26,48.0,53,35.0,29,35.0,46.0,97,60,35,44,65,44.0,57,84,67,39,35.0,31.0,16,48,48.0,60.0,33,30.0,49,39,44,93,40,56,30,52,61,35,31,36,63,35,91,98,145,133.0,67.0,89,113,133.0,80.0,88.0,28.0,74,76.0,148,74,62,76,1.0,41,40,No Data,51.0,109.0,90,115,90.0,113.0,119.0,89,No Data,44.0,36,No Data,No Data,1.0,No Data,No Data,No Data,No Data,1.0,No Data,No Data,1.0,29.0,45.0,26,62.0,65,41,53,45,39.0,43,61,48.0,45,62.0,51.0,43.0,56.0,80,60,48,60.0,42,68.0,57.0,84.0,57,140,71.0,46,48.0,53.0,87.0,No Data,No Data,63.0,87,67.0,104,85.0,91,91,36.0,32,70,72,96,90,105,115.0,101.0,67.0,91,69,86,123.0,95.0,105,112,53.0,63.0,65,85.0,81,96.0,110.0,102.0,125,82.0,64.0,53.0,46,51.0,49.0,126.0,50.0,No Data,66.0,78.0,106,49,95.0,94,86.0,128.0,91,112.0,93,100.0,75,152.0,67.0,84.0,67,64,76.0,112,61,100.0,126,81.0,61,95,134,116.0,100
BS,9.0,1.0,5.0,4.0,12.0,9.0,3.0,2.0,8.0,8.0,20.0,14.0,16.0,15.0,7.0,3.0,7.0,17.0,11.0,7.0,3.0,7.0,7.0,10.0,18.0,22.0,18.0,4.0,11.0,11.0,3.0,14.0,9.0,9.0,14.0,13.0,7.0,6.0,6.0,5.0,3.0,6.0,8.0,1.0,10.0,7.0,7.0,6.0,20.0,4.0,5.0,6.0,10.0,3.0,17.0,1.0,1.0,6.0,4.0,7.0,4.0,4.0,2.0,5.0,8.0,5.0,21.0,22.0,16.0,10.0,7.0,5.0,14.0,8.0,9.0,3.0,9.0,3.0,6.0,4.0,5.0,7.0,9.0,6.0,5.0,11.0,6.0,11.0,4.0,3.0,2.0,6.0,No Data,12.0,8.0,3.0,5.0,14.0,9.0,3.0,17.0,4.0,13.0,4.0,9.0,8.0,4.0,6.0,7.0,91.0,131,107,82.0,141.0,98,91,101.0,16,9.0,3.0,102,60,87,116.0,88,82,84,58.0,111.0,82,100,95,110,94,105,109,171,79,91,96,61,107,109,101,82,89,100,94,97.0,118,208,205,218,199,178,191,154,188,200,236,189,85.0,107.0,106.0,155,160,218.0,192.0,142.0,153,139.0,231.0,102,166,131,113,159.0,158,147.0,124,172.0,107,124.0,117,185.0,160.0,151,139,124,89,133,102.0,141,148,187,135,135.0,110.0,75,95,134.0,155.0,134,95.0,135,113,140,135,151,109,113,116,153,117,128,222,204,129,186,136,126,112.0,188.0,160,150,138.0,126.0,177.0,105.0,136,162.0,163,182,153,177,No Data,129,72,No Data,128.0,160.0,232,185,260.0,165.0,143.0,128,9.0,132.0,181,4.0,No Data,No Data,No Data,No Data,No Data,No Data,No Data,No Data,No Data,No Data,197.0,176.0,57,142.0,194,199,146,134,140.0,185,167,145.0,154,134.0,152.0,188.0,176.0,147,188,152,120.0,124,129.0,146.0,183.0,133,186,147.0,122,161.0,143.0,163.0,No Data,No Data,85.0,176,125.0,165,166.0,167,115,106.0,116,159,186,204,173,123,156.0,186.0,121.0,104,177,184,148.0,111.0,196,138,139.0,136.0,144,157.0,174,130.0,173.0,125.0,170,134.0,121.0,123.0,136,137.0,201.0,171.0,174.0,No Data,108.0,115.0,111,140,178.0,116,101.0,133.0,128,149.0,167,176.0,163,124.0,143.0,155.0,146,142,122.0,126,133,124.0,69,138.0,123,110,164,93.0,207
FR,4.0,1.0,1.0,No Data,2.0,2.0,2.0,2.0,1.0,4.0,2.0,3.0,1.0,No Data,2.0,No Data,No Data,1.0,5.0,5.0,No Data,4.0,1.0,7.0,2.0,3.0,1.0,8.0,2.0,1.0,3.0,2.0,1.0,4.0,2.0,5.0,3.0,No Data,3.0,4.0,4.0,7.0,6.0,1.0,No Data,No Data,No Data,4.0,2.0,2.0,2.0,2.0,3.0,1.0,3.0,5.0,2.0,No Data,7.0,7.0,5.0,3.0,3.0,No Data,No Data,1.0,No Data,No Data,1.0,7.0,4.0,2.0,2.0,8.0,6.0,2.0,6.0,No Data,4.0,2.0,1.0,2.0,4.0,3.0,7.0,No Data,5.0,No Data,3.0,9.0,2.0,2.0,2.0,No Data,3.0,No Data,2.0,1.0,11.0,6.0,No Data,1.0,1.0,No Data,1.0,3.0,1.0,4.0,3.0,163.0,273,645,501.0,351.0,281,307,267.0,17,8.0,3.0,208,207,313,192.0,137,317,192,296.0,184.0,149,147,182,281,434,201,162,195,353,302,398,304,186,182,129,136,165,132,207,226.0,155,180,319,180,160,198,114,197,191,168,206,136,148.0,183.0,203.0,256,202,124.0,145.0,213.0,221,213.0,240.0,144,179,155,232,175.0,271,185.0,294,247.0,161,322.0,252,200.0,188.0,235,188,171,155,169,160.0,181,146,97,161,79.0,174.0,56,104,133.0,166.0,182,168.0,246,225,189,223,357,206,231,252,219,150,219,248,468,376,409,157,198,193.0,147.0,117,197,111.0,192.0,73.0,58.0,147,203.0,144,145,112,140,No Data,95,55,No Data,114.0,116.0,69,96,125.0,143.0,188.0,161,No Data,97.0,177,No Data,No Data,No Data,No Data,1.0,No Data,No Data,No Data,No Data,No Data,No Data,173.0,194.0,58,275.0,387,424,235,153,185.0,280,267,337.0,301,328.0,328.0,243.0,218.0,346,294,477,391.0,324,285.0,373.0,383.0,390,479,330.0,356,344.0,292.0,292.0,No Data,No Data,378.0,406,275.0,447,298.0,424,662,284.0,375,337,376,246,239,323,336.0,326.0,203.0,310,339,399,512.0,357.0,262,278,276.0,249.0,409,285.0,347,312.0,274.0,284.0,242,280.0,279.0,353.0,352,308.0,240.0,279.0,257.0,No Data,412.0,314.0,279,364,468.0,640,527.0,452.0,343,365.0,317,335.0,423,536.0,353.0,315.0,333,350,294.0,262,353,303.0,375,472.0,326,352,339,346.0,261
GE,9.0,15.0,16.0,23.0,21.0,42.0,23.0,31.0,18.0,38.0,18.0,39.0,37.0,19.0,24.0,28.0,27.0,35.0,39.0,33.0,44.0,15.0,19.0,35.0,41.0,40.0,50.0,26.0,16.0,47.0,43.0,39.0,37.0,43.0,33.0,16.0,24.0,31.0,38.0,29.0,24.0,20.0,9.0,23.0,30.0,24.0,32.0,28.0,48.0,18.0,29.0,33.0,126.0,127.0,97.0,48.0,19.0,44.0,27.0,39.0,53.0,41.0,29.0,24.0,44.0,64.0,36.0,35.0,63.0,41.0,24.0,85.0,54.0,34.0,57.0,65.0,44.0,27.0,19.0,35.0,43.0,31.0,25.0,18.0,28.0,45.0,45.0,26.0,74.0,34.0,32.0,16.0,30.0,35.0,16.0,43.0,20.0,16.0,14.0,25.0,51.0,39.0,18.0,45.0,43.0,21.0,29.0,41.0,58.0,591.0,1048,786,799.0,709.0,927,759,740.0,120,18.0,27.0,395,526,717,576.0,686,554,634,652.0,644.0,657,1503,1546,768,637,701,822,680,666,675,574,592,723,870,711,928,1018,751,614,710.0,744,740,936,741,692,952,1124,975,1003,807,958,848,854.0,1082.0,1009.0,1086,776,684.0,644.0,771.0,821,888.0,1124.0,702,688,605,629,558.0,866,847.0,709,700.0,546,746.0,720,850.0,738.0,766,899,708,809,766,736.0,1010,706,940,569,656.0,688.0,332,645,566.0,615.0,630,620.0,775,883,840,837,686,498,695,562,706,770,662,1172,975,1239,1187,1396,1226,1037.0,1095.0,869,1033,991.0,890.0,882.0,468.0,825,677.0,919,921,1037,1062,2.0,1125,420,4.0,885.0,1208.0,1244,1022,1081.0,677.0,626.0,812,2.0,879.0,1045,1.0,2.0,1.0,3.0,No Data,1.0,3.0,No Data,2.0,2.0,5.0,750.0,1020.0,465,780.0,773,882,980,982,843.0,861,871,853.0,1032,892.0,855.0,844.0,1108.0,852,1108,1177,1037.0,1073,1160.0,1322.0,966.0,1156,1517,1354.0,1257,1408.0,1387.0,1085.0,1.0,No Data,1083.0,1533,1216.0,1373,1347.0,1680,1677,1026.0,1398,1537,2030,1568,1623,2019,1928.0,1503.0,1272.0,1584,1524,1677,2188.0,2300.0,2118,2148,1773.0,1615.0,1453,1832.0,2121,2073.0,1882.0,1943.0,1522,1886.0,2260.0,2172.0,2150,2471.0,1697.0,1462.0,1312.0,3.0,2398.0,2175.0,2426,2268,2165.0,2122,2921.0,2401.0,2501,2312.0,2018,1860.0,1565,3008.0,2475.0,2437.0,2485,2656,1864.0,1645,1996,2102.0,2313,2232.0,2639,2870,2394,2829.0,2422
GL,1.0,No Data,No Data,No Data,No Data,No Data,No Data,No Data,No Data,No Data,No Data,No Data,No Data,7.0,5.0,No Data,1.0,1.0,No Data,No Data,No Data,1.0,No Data,No Data,No Data,2.0,No Data,1.0,No Data,No Data,1.0,No Data,No Data,No Data,No Data,No Data,No Data,1.0,No Data,No Data,No Data,1.0,No Data,No Data,1.0,No Data,No Data,No Data,No Data,No Data,No Data,No Data,No Data,1.0,No Data,No Data,No Data,No Data,No Data,No Data,No Data,No Data,No Data,No Data,1.0,1.0,1.0,No Data,1.0,No Data,No Data,1.0,1.0,1.0,No Data,1.0,No Data,1.0,No Data,No Data,1.0,No Data,No Data,No Data,No Data,1.0,1.0,No Data,No Data,No Data,No Data,1.0,No Data,2.0,No Data,No Data,No Data,1.0,1.0,No Data,No Data,No Data,1.0,No Data,No Data,1.0,No Data,No Data,1.0,7.0,26,21,15.0,12.0,14,11,8.0,1,2.0,No Data,12,10,11,9.0,6,9,11,9.0,8.0,8,6,23,8,32,9,13,23,13,24,21,16,12,22,30,22,21,29,19,10.0,10,21,16,14,31,8,5,5,4,5,2,1,3.0,2.0,4.0,1,4,2.0,4.0,7.0,2,1.0,10.0,4,9,26,18,18.0,13,14.0,9,26.0,21,17.0,11,9.0,17.0,7,28,22,9,6,8.0,8,15,23,9,23.0,7.0,3,11,7.0,12.0,8,24.0,19,10,21,4,8,9,5,6,14,13,10,38,31,10,4,12,8,13.0,13.0,12,6,15.0,10.0,12.0,7.0,12,26.0,11,8,10,12,No Data,10,2,No Data,13.0,10.0,9,12,10.0,19.0,12.0,3,No Data,5.0,1,No Data,No Data,No Data,No Data,No Data,No Data,No Data,No Data,No Data,No Data,No Data,8.0,9.0,4,9.0,7,5,10,10,18.0,8,16,16.0,14,5.0,9.0,13.0,13.0,14,14,17,21.0,13,7.0,13.0,19.0,22,16,5.0,34,18.0,12.0,14.0,No Data,No Data,21.0,13,14.0,19,21.0,14,11,2.0,4,12,18,16,4,10,4.0,11.0,15.0,21,10,21,25.0,16.0,35,11,6.0,9.0,20,10.0,8,15.0,5.0,21.0,7,13.0,14.0,18.0,9,27.0,22.0,8.0,17.0,No Data,51.0,9.0,10,9,19.0,42,44.0,5.0,20,18.0,14,16.0,31,11.0,8.0,29.0,12,6,9.0,10,35,5.0,11,10.0,6,4,6,43.0,20
GR,16.0,12.0,12.0,8.0,5.0,6.0,4.0,4.0,4.0,2.0,4.0,8.0,8.0,22.0,14.0,3.0,4.0,3.0,9.0,12.0,18.0,15.0,21.0,26.0,70.0,68.0,40.0,60.0,52.0,12.0,12.0,7.0,3.0,15.0,31.0,14.0,6.0,2.0,3.0,18.0,9.0,7.0,8.0,7.0,6.0,20.0,11.0,20.0,35.0,22.0,7.0,3.0,16.0,8.0,9.0,19.0,5.0,7.0,14.0,24.0,23.0,34.0,33.0,5.0,4.0,2.0,3.0,4.0,17.0,24.0,14.0,10.0,3.0,13.0,7.0,7.0,13.0,16.0,5.0,19.0,8.0,9.0,12.0,18.0,5.0,2.0,5.0,7.0,13.0,7.0,33.0,11.0,4.0,5.0,2.0,5.0,4.0,4.0,7.0,6.0,6.0,6.0,4.0,2.0,2.0,7.0,3.0,8.0,5.0,47.0,39,55,32.0,82.0,89,109,69.0,19,8.0,10.0,34,35,35,25.0,41,35,41,78.0,48.0,94,63,42,47,74,55,69,72,49,47,57,116,106,161,101,62,63,69,74,101.0,72,57,82,50,61,51,76,80,56,65,70,67,56.0,50.0,61.0,32,38,32.0,74.0,45.0,58,30.0,55.0,47,50,79,72,42.0,22,53.0,69,53.0,87,83.0,100,120.0,105.0,91,161,81,72,63,57.0,81,102,129,104,71.0,36.0,24,73,111.0,109.0,77,113.0,71,60,100,101,203,157,117,123,157,109,110,121,157,121,162,157,147,92.0,121.0,101,85,87.0,144.0,90.0,39.0,146,130.0,155,119,184,93,1.0,76,43,No Data,84.0,85.0,47,55,84.0,92.0,55.0,53,No Data,36.0,38,1.0,No Data,No Data,No Data,No Data,No Data,No Data,No Data,No Data,No Data,No Data,31.0,44.0,18,44.0,75,58,55,40,53.0,48,47,46.0,44,64.0,41.0,28.0,63.0,79,58,67,121.0,150,81.0,169.0,71.0,43,49,73.0,52,55.0,77.0,69.0,No Data,No Data,40.0,72,32.0,73,44.0,55,51,40.0,50,65,44,38,60,30,28.0,47.0,44.0,58,71,51,42.0,71.0,55,65,62.0,63.0,67,69.0,91,88.0,51.0,42.0,112,64.0,79.0,93.0,83,59.0,55.0,45.0,87.0,1.0,56.0,53.0,77,93,180.0,85,104.0,70.0,103,70.0,74,92.0,126,113.0,65.0,74.0,126,162,139.0,152,129,101.0,129,149.0,158,176,190,274.0,309
JU,No Data,No Data,1.0,No Data,No Data,No Data,No Data,No Data,No Data,No Data,No Data,No Data,1.0,No Data,No Data,No Data,No Data,No Data,No Data,No Data,No Data,1.0,No Data,No Data,1.0,No Data,No Data,No Data,No Data,No Data,No Data,No Data,1.0,No Data,No Data,No Data,No Data,No Data,No Data,No Data,No Data,No Data,No Data,No Data,1.0,No Data,No Data,No Data,2.0,1.0,No Data,No Data,1.0,No Data,No Data,No Data,No Data,No Data,No Data,No Data,No Data,No Data,No Data,No Data,No Data,No Data,No Data,1.0,2.0,1.0,1.0,No Data,1.0,2.0,No Data,1.0,No Data,1.0,No Data,2.0,1.0,No Data,1.0,2.0,No Data,No Data,No Data,1.0,1.0,No Data,1.0,No Data,No Data,No Data,1.0,No Data,1.0,1.0,No Data,1.0,2.0,No Data,1.0,No Data,2.0,1.0,1.0,No Data,No Data,42.0,106,71,80.0,160.0,56,53,67.0,13,No Data,1.0,24,35,51,31.0,45,36,58,39.0,48.0,40,35,56,44,57,38,36,34,55,48,50,47,43,45,55,38,39,43,35,49.0,50,33,48,60,60,49,46,56,40,47,43,54,97.0,45.0,65.0,43,46,41.0,43.0,46.0,45,40.0,41.0,45,43,48,31,55.0,39,105.0,60,38.0,70,84.0,92,125.0,101.0,325,466,36,86,129,89.0,168,189,224,128,228.0,185.0,107,29,59.0,131.0,168,41.0,61,102,53,56,54,56,47,43,53,64,60,46,47,47,43,56,84,67.0,123.0,59,41,68.0,75.0,65.0,46.0,67,60.0,53,65,120,96,No Data,90,58,No Data,83.0,87.0,49,62,52.0,50.0,85.0,83,No Data,51.0,67,No Data,No Data,No Data,No Data,No Data,No Data,No Data,No Data,No Data,No Data,No Data,32.0,55.0,15,45.0,51,59,50,46,41.0,46,49,44.0,49,77.0,39.0,43.0,52.0,37,47,51,63.0,53,44.0,37.0,45.0,61,56,54.0,52,52.0,58.0,49.0,No Data,No Data,72.0,71,42.0,61,61.0,70,47,49.0,42,51,49,38,49,53,62.0,89.0,49.0,46,66,71,104.0,61.0,83,61,65.0,52.0,65,67.0,84,128.0,93.0,66.0,83,50.0,53.0,89.0,83,85.0,52.0,45.0,61.0,No Data,36.0,41.0,39,31,27.0,61,40.0,52.0,43,40.0,39,42.0,36,45.0,43.0,39.0,52,40,35.0,34,42,34.0,45,42.0,36,42,34,30.0,44
LU,6.0,2.0,4.0,5.0,1.0,7.0,3.0,2.0,7.0,5.0,7.0,1.0,9.0,14.0,3.0,7.0,5.0,1.0,6.0,1.0,12.0,7.0,6.0,1.0,3.0,31.0,2.0,7.0,5.0,9.0,13.0,5.0,14.0,3.0,10.0,5.0,3.0,6.0,6.0,4.0,8.0,9.0,20.0,5.0,8.0,7.0,10.0,10.0,11.0,3.0,19.0,20.0,27.0,24.0,5.0,2.0,2.0,14.0,11.0,15.0,16.0,10.0,7.0,5.0,14.0,32.0,17.0,9.0,5.0,18.0,4.0,17.0,20.0,15.0,22.0,9.0,12.0,3.0,33.0,21.0,24.0,12.0,14.0,4.0,1.0,7.0,14.0,12.0,4.0,7.0,10.0,3.0,12.0,25.0,12.0,5.0,6.0,2.0,No Data,4.0,1.0,5.0,5.0,6.0,24.0,5.0,32.0,9.0,16.0,88.0,78,90,129.0,110.0,175,101,158.0,24,14.0,13.0,79,89,161,138.0,66,106,102,97.0,189.0,108,172,141,102,78,86,84,91,68,83,84,157,93,106,94,150,113,78,87,96.0,93,161,123,86,95,66,56,123,85,72,95,94,87.0,43.0,55.0,85,93,101.0,115.0,125.0,116,74.0,66.0,121,89,171,79,46.0,74,80.0,118,67.0,127,148.0,97,154.0,151.0,106,80,129,143,86,141.0,139,102,97,124,157.0,150.0,100,201,147.0,77.0,69,96.0,106,157,145,105,75,134,79,54,84,191,141,136,176,183,141,88,67,124.0,126.0,109,139,135.0,133.0,112.0,89.0,75,164.0,108,89,148,132,1.0,167,116,No Data,152.0,132.0,128,141,129.0,124.0,132.0,126,No Data,63.0,105,No Data,No Data,No Data,1.0,No Data,No Data,No Data,No Data,No Data,1.0,5.0,106.0,135.0,32,94.0,111,156,97,66,77.0,95,77,123.0,111,101.0,86.0,112.0,93.0,110,167,118,172.0,153,131.0,193.0,151.0,188,139,188.0,148,119.0,117.0,146.0,No Data,No Data,230.0,217,107.0,91,142.0,151,211,81.0,121,145,121,185,174,191,175.0,141.0,147.0,79,117,172,194.0,112.0,124,164,195.0,117.0,105,185.0,117,112.0,119.0,120.0,95,95.0,136.0,109.0,147,140.0,88.0,101.0,107.0,No Data,108.0,104.0,55,98,69.0,109,92.0,111.0,80,116.0,99,75.0,107,127.0,108.0,113.0,117,84,100.0,188,149,94.0,191,157.0,127,98,132,151.0,123
NE,No Data,No Data,5.0,1.0,2.0,1.0,1.0,9.0,5.0,2.0,5.0,1.0,3.0,No Data,1.0,4.0,5.0,10.0,No Data,10.0,1.0,1.0,6.0,4.0,4.0,28.0,5.0,2.0,7.0,1.0,10.0,2.0,2.0,17.0,3.0,2.0,9.0,2.0,8.0,11.0,13.0,38.0,17.0,13.0,1.0,3.0,4.0,1.0,5.0,13.0,13.0,10.0,10.0,8.0,4.0,1.0,2.0,4.0,No Data,No Data,No Data,5.0,3.0,1.0,4.0,6.0,2.0,7.0,11.0,10.0,2.0,2.0,7.0,1.0,6.0,2.0,2.0,1.0,9.0,6.0,No Data,4.0,7.0,2.0,2.0,4.0,No Data,No Data,2.0,2.0,6.0,6.0,7.0,4.0,2.0,3.0,12.0,15.0,3.0,3.0,8.0,5.0,4.0,9.0,13.0,1.0,5.0,22.0,6.0,22.0,46,78,46.0,65.0,58,64,72.0,13,4.0,4.0,57,61,56,46.0,66,71,65,47.0,56.0,53,59,49,58,54,68,50,95,65,110,49,64,68,51,51,66,60,87,74,100.0,43,53,101,69,75,150,71,151,157,71,81,116,105.0,136.0,166.0,211,77,107.0,180.0,129.0,79,77.0,79.0,191,49,144,69,61.0,95,73.0,68,74.0,66,101.0,49,59.0,72.0,91,124,177,79,125,152.0,109,95,79,77,72.0,51.0,22,54,55.0,76.0,61,85.0,61,45,94,42,58,50,37,67,63,60,72,59,97,53,87,76,84,76.0,99.0,60,107,145.0,117.0,138.0,101.0,149,156.0,119,137,160,98,No Data,154,67,No Data,229.0,249.0,309,211,276.0,189.0,177.0,167,1.0,108.0,166,1.0,No Data,No Data,No Data,No Data,No Data,No Data,No Data,2.0,10.0,2.0,125.0,143.0,30,78.0,86,106,117,91,94.0,118,103,68.0,83,130.0,113.0,121.0,100.0,133,80,91,126.0,133,102.0,146.0,156.0,93,123,163.0,240,207.0,237.0,139.0,No Data,No Data,167.0,252,347.0,329,262.0,312,358,151.0,411,328,247,187,135,198,306.0,346.0,200.0,194,256,235,398.0,385.0,493,419,408.0,404.0,361,455.0,459,362.0,620.0,428.0,316,297.0,385.0,426.0,376,324.0,248.0,305.0,330.0,No Data,462.0,282.0,341,350,406.0,437,620.0,565.0,654,500.0,584,302.0,416,366.0,468.0,585.0,527,440,508.0,496,372,518.0,507,728.0,747,727,889,361.0,315
NW,No Data,No Data,No Data,No Data,No Data,No Data,No Data,No Data,No Data,No Data,No Data,No Data,No Data,No Data,No Data,No Data,1.0,No Data,No Data,2.0,2.0,No Data,No Data,No Data,No Data,No Data,1.0,1.0,2.0,No Data,No Data,No Data,No Data,1.0,1.0,1.0,No Data,No Data,No Data,No Data,No Data,No Data,1.0,No Data,1.0,No Data,1.0,No Data,No Data,No Data,No Data,No Data,No Data,No Data,3.0,No Data,No Data,No Data,No Data,No Data,No Data,No Data,No Data,1.0,No Data,No Data,No Data,No Data,No Data,No Data,No Data,No Data,No Data,No Data,No Data,No Data,No Data,No Data,No Data,No Data,No Data,1.0,1.0,2.0,No Data,No Data,No Data,1.0,No Data,No Data,No Data,No Data,No Data,No Data,1.0,1.0,No Data,No Data,No Data,No Data,No Data,No Data,No Data,No Data,No Data,1.0,No Data,No Data,3.0,4.0,13,18,10.0,7.0,21,6,7.0,1,No Data,No Data,3,4,6,2.0,4,8,7,3.0,3.0,5,2,19,12,20,13,12,14,19,14,15,9,4,16,19,13,14,23,4,13.0,10,13,7,13,10,55,28,55,10,12,13,8,1.0,6.0,1.0,5,5,8.0,3.0,No Data,7,6.0,4.0,17,4,5,5,5.0,4,5.0,4,8.0,10,2.0,4,5.0,2.0,4,12,4,5,2,1.0,3,3,8,7,3.0,4.0,8,6,11.0,11.0,5,10.0,32,53,19,14,15,10,2,8,10,16,13,17,10,10,17,8,18,15.0,5.0,6,6,2.0,20.0,12.0,1.0,12,30.0,28,22,6,27,No Data,24,12,No Data,31.0,9.0,31,7,8.0,27.0,16.0,19,No Data,13.0,7,No Data,No Data,No Data,No Data,No Data,No Data,No Data,No Data,No Data,No Data,No Data,17.0,31.0,5,20.0,14,5,10,22,21.0,11,16,13.0,26,16.0,18.0,5.0,6.0,18,9,5,20.0,10,24.0,37.0,45.0,42,45,44.0,55,16.0,26.0,56.0,No Data,No Data,26.0,41,69.0,33,20.0,16,17,37.0,21,24,15,36,32,28,35.0,33.0,17.0,12,29,12,9.0,23.0,23,18,38.0,54.0,41,19.0,68,38.0,34.0,27.0,23,17.0,40.0,17.0,12,21.0,42.0,46.0,96.0,No Data,143.0,87.0,69,57,57.0,100,88.0,50.0,64,41.0,48,60.0,30,52.0,57.0,32.0,45,38,17.0,27,33,26.0,18,20.0,35,27,33,17.0,35
OW,No Data,1.0,No Data,No Data,1.0,No Data,1.0,2.0,1.0,No Data,1.0,No Data,3.0,1.0,1.0,No Data,No Data,No Data,1.0,No Data,No Data,No Data,No Data,No Data,No Data,No Data,1.0,No Data,No Data,No Data,No Data,No Data,No Data,5.0,1.0,2.0,1.0,1.0,No Data,No Data,No Data,1.0,1.0,3.0,2.0,1.0,3.0,1.0,No Data,No Data,No Data,1.0,No Data,No Data,3.0,2.0,2.0,1.0,No Data,No Data,No Data,No Data,1.0,1.0,No Data,No Data,1.0,No Data,No Data,1.0,No Data,No Data,No Data,No Data,No Data,No Data,No Data,No Data,No Data,No Data,No Data,21.0,9.0,No Data,No Data,No Data,No Data,3.0,3.0,No Data,No Data,No Data,No Data,1.0,2.0,No Data,1.0,1.0,No Data,2.0,No Data,1.0,No Data,1.0,1.0,No Data,No Data,No Data,No Data,11.0,7,34,91.0,34.0,15,29,12.0,5,2.0,1.0,123,4,33,4.0,11,60,30,26.0,16.0,13,29,22,35,23,19,8,31,37,13,25,9,7,15,13,15,7,8,4,2.0,1,5,5,10,29,20,20,7,19,31,45,63,56.0,28.0,21.0,53,27,60.0,56.0,27.0,53,21.0,5.0,11,27,38,69,37.0,12,18.0,5,16.0,50,33.0,22,13.0,25.0,16,34,42,63,35,28.0,8,6,10,40,25.0,43.0,13,55,30.0,69.0,21,44.0,15,39,9,4,27,37,17,14,17,41,93,22,27,31,36,29,26,10.0,9.0,6,17,20.0,15.0,53.0,16.0,24,38.0,27,18,16,17,No Data,17,16,No Data,5.0,2.0,10,7,21.0,11.0,8.0,7,No Data,3.0,4,No Data,No Data,No Data,No Data,No Data,No Data,No Data,No Data,No Data,No Data,No Data,16.0,31.0,11,3.0,15,16,11,7,14.0,10,21,10.0,12,10.0,10.0,15.0,6.0,18,21,8,15.0,9,5.0,9.0,10.0,8,10,6.0,5,7.0,9.0,15.0,No Data,No Data,5.0,6,6.0,25,3.0,9,4,11.0,12,11,8,21,24,15,6.0,15.0,8.0,8,6,12,12.0,15.0,18,18,6.0,14.0,24,11.0,9,15.0,17.0,16.0,25,15.0,21.0,30.0,21,12.0,12.0,43.0,46.0,No Data,14.0,11.0,13,8,18.0,21,20.0,11.0,16,17.0,17,37.0,10,35.0,17.0,23.0,54,15,6.0,12,16,8.0,5,15.0,19,32,17,21.0,27
SG,17.0,21.0,6.0,17.0,18.0,21.0,4.0,4.0,5.0,6.0,No Data,7.0,4.0,6.0,9.0,7.0,1.0,3.0,1.0,1.0,1.0,6.0,4.0,4.0,No Data,4.0,6.0,5.0,7.0,2.0,4.0,42.0,6.0,4.0,3.0,7.0,9.0,5.0,10.0,10.0,11.0,15.0,13.0,15.0,11.0,4.0,10.0,14.0,9.0,3.0,5.0,32.0,11.0,11.0,4.0,17.0,9.0,4.0,5.0,7.0,6.0,9.0,13.0,6.0,5.0,7.0,9.0,10.0,14.0,2.0,17.0,6.0,3.0,6.0,13.0,10.0,11.0,10.0,8.0,7.0,8.0,8.0,8.0,9.0,22.0,10.0,7.0,2.0,5.0,3.0,22.0,11.0,13.0,16.0,7.0,4.0,11.0,10.0,20.0,12.0,17.0,9.0,8.0,22.0,10.0,8.0,10.0,5.0,26.0,46.0,63,61,73.0,40.0,95,53,77.0,16,18.0,17.0,77,92,81,54.0,94,117,61,64.0,117.0,57,73,70,91,63,78,40,55,37,85,94,52,75,192,107,170,82,75,92,60.0,44,83,77,72,64,47,63,51,70,71,71,79,70.0,81.0,83.0,94,62,81.0,75.0,76.0,75,59.0,112.0,63,63,100,86,72.0,85,58.0,108,77.0,114,156.0,64,102.0,106.0,123,82,82,144,72,83.0,72,58,74,62,61.0,75.0,51,57,110.0,60.0,60,90.0,103,92,113,110,112,111,94,76,83,83,71,87,112,114,85,62,53,112.0,84.0,82,109,98.0,116.0,122.0,98.0,89,149.0,81,118,154,102,No Data,100,71,2.0,106.0,136.0,146,124,144.0,117.0,89.0,92,1.0,90.0,94,No Data,1.0,No Data,1.0,No Data,No Data,No Data,No Data,1.0,No Data,No Data,79.0,90.0,47,95.0,89,86,78,81,75.0,69,91,89.0,92,76.0,82.0,86.0,145.0,158,176,84,106.0,176,204.0,116.0,113.0,116,151,104.0,137,105.0,184.0,110.0,3.0,1.0,97.0,220,136.0,144,188.0,123,121,110.0,148,110,116,153,191,142,190.0,318.0,191.0,165,187,124,228.0,158.0,153,167,186.0,206.0,108,79.0,97,104.0,98.0,116.0,92,98.0,126.0,124.0,121,96.0,111.0,211.0,146.0,2.0,123.0,105.0,138,106,136.0,114,114.0,135.0,130,112.0,104,135.0,117,132.0,111.0,144.0,105,120,109.0,193,126,174.0,172,164.0,174,119,225,172.0,172
SH,No Data,No Data,No Data,1.0,No Data,No Data,1.0,No Data,1.0,No Data,No Data,No Data,No Data,No Data,No Data,2.0,No Data,No Data,No Data,1.0,No Data,No Data,1.0,No Data,No Data,1.0,No Data,No Data,No Data,No Data,No Data,No Data,1.0,No Data,No Data,No Data,No Data,1.0,No Data,No Data,No Data,1.0,No Data,1.0,No Data,No Data,No Data,No Data,2.0,1.0,No Data,1.0,No Data,1.0,1.0,No Data,No Data,No Data,No Data,No Data,No Data,No Data,No Data,No Data,No Data,No Data,No Data,No Data,2.0,No Data,No Data,No Data,4.0,1.0,No Data,No Data,2.0,No Data,No Data,No Data,1.0,No Data,1.0,No Data,No Data,No Data,No Data,No Data,No Data,No Data,No Data,No Data,No Data,No Data,No Data,No Data,1.0,No Data,No Data,No Data,1.0,No Data,No Data,No Data,1.0,2.0,No Data,No Data,1.0,14.0,5,16,16.0,11.0,11,11,27.0,1,No Data,No Data,7,4,19,8.0,23,7,24,13.0,20.0,20,29,20,7,13,10,11,18,19,7,18,15,4,3,5,8,13,11,23,10.0,6,22,6,10,9,9,24,11,10,8,7,4,4.0,13.0,7.0,3,12,16.0,8.0,5.0,12,9.0,8.0,8,14,4,3,5.0,6,14.0,8,9.0,14,5.0,5,20.0,11.0,3,8,14,16,7,2.0,6,8,7,18,3.0,2.0,6,2,6.0,2.0,3,15.0,5,19,12,1,21,11,11,10,11,14,24,18,12,4,19,11,8,14.0,44.0,39,22,21.0,30.0,30.0,28.0,38,15.0,42,15,19,5,2.0,4,9,No Data,3.0,20.0,9,12,10.0,22.0,19.0,4,No Data,7.0,15,No Data,No Data,No Data,No Data,No Data,No Data,No Data,No Data,No Data,No Data,No Data,4.0,16.0,1,7.0,5,9,2,3,12.0,9,9,7.0,14,23.0,15.0,19.0,21.0,53,16,7,8.0,5,15.0,6.0,27.0,27,11,18.0,12,9.0,19.0,23.0,No Data,No Data,12.0,15,17.0,19,33.0,20,16,8.0,20,15,8,17,24,14,4.0,10.0,7.0,6,4,6,5.0,5.0,3,8,3.0,10.0,7,10.0,4,8.0,14.0,27.0,6,8.0,14.0,7.0,4,9.0,7.0,11.0,9.0,No Data,20.0,18.0,52,28,11.0,10,5.0,10.0,6,4.0,6,8.0,10,72.0,6.0,5.0,3,8,3.0,4,3,9.0,10,7.0,4,11,8,13.0,12
SO,No Data,No Data,4.0,1.0,5.0,5.0,8.0,2.0,No Data,1.0,2.0,6.0,No Data,10.0,1.0,No Data,3.0,4.0,3.0,2.0,3.0,3.0,2.0,2.0,2.0,8.0,9.0,6.0,1.0,7.0,2.0,16.0,2.0,7.0,4.0,No Data,4.0,1.0,1.0,1.0,4.0,No Data,No Data,2.0,No Data,1.0,1.0,3.0,2.0,1.0,No Data,3.0,3.0,4.0,2.0,3.0,4.0,No Data,3.0,15.0,2.0,4.0,3.0,3.0,2.0,2.0,7.0,1.0,1.0,1.0,6.0,4.0,12.0,1.0,1.0,3.0,4.0,6.0,4.0,1.0,2.0,1.0,1.0,No Data,8.0,4.0,2.0,4.0,6.0,No Data,2.0,No Data,3.0,7.0,4.0,4.0,3.0,No Data,1.0,No Data,5.0,3.0,1.0,4.0,No Data,4.0,1.0,3.0,4.0,33.0,73,174,216.0,244.0,262,214,300.0,49,2.0,1.0,50,19,39,40.0,58,46,25,36.0,46.0,70,68,37,52,40,40,57,113,47,69,36,52,40,35,47,53,65,36,16,40.0,45,45,50,33,30,24,31,41,52,39,36,59,74.0,31.0,51.0,47,58,40.0,43.0,88.0,76,47.0,243.0,106,33,43,35,44.0,72,117.0,70,105.0,65,51.0,52,47.0,51.0,54,30,58,60,44,49.0,52,44,44,54,43.0,36.0,29,57,91.0,104.0,94,36.0,33,11,74,38,50,38,61,77,57,65,37,58,43,36,93,44,55,134.0,85.0,63,35,46.0,58.0,47.0,41.0,45,52.0,27,73,64,52,No Data,73,24,No Data,74.0,48.0,80,43,40.0,33.0,59.0,50,No Data,37.0,60,No Data,No Data,No Data,No Data,No Data,No Data,1.0,No Data,No Data,No Data,No Data,62.0,59.0,19,68.0,79,60,67,69,70.0,71,60,56.0,52,36.0,99.0,110.0,114.0,90,62,73,77.0,65,86.0,86.0,68.0,72,70,68.0,89,95.0,84.0,137.0,No Data,No Data,80.0,62,52.0,97,84.0,86,77,76.0,49,95,103,69,55,46,67.0,90.0,67.0,45,84,62,39.0,87.0,39,69,56.0,50.0,50,71.0,61,73.0,58.0,61.0,68,54.0,77.0,86.0,108,54.0,68.0,63.0,53.0,No Data,43.0,101.0,92,79,72.0,59,46.0,83.0,127,86.0,226,73.0,47,56.0,50.0,69.0,54,70,70.0,62,75,64.0,55,32.0,39,56,72,41.0,60
SZ,No Data,No Data,6.0,No Data,No Data,5.0,3.0,No Data,1.0,No Data,1.0,No Data,No Data,No Data,17.0,No Data,2.0,No Data,1.0,No Data,1.0,1.0,3.0,2.0,2.0,No Data,2.0,3.0,1.0,1.0,No Data,No Data,4.0,4.0,No Data,No Data,2.0,1.0,1.0,No Data,2.0,2.0,No Data,No Data,No Data,2.0,1.0,No Data,2.0,1.0,4.0,3.0,1.0,3.0,2.0,No Data,1.0,No Data,2.0,No Data,No Data,1.0,1.0,3.0,No Data,No Data,1.0,1.0,2.0,5.0,1.0,3.0,2.0,No Data,2.0,1.0,4.0,3.0,1.0,1.0,No Data,No Data,1.0,1.0,3.0,1.0,3.0,3.0,1.0,1.0,3.0,4.0,4.0,No Data,1.0,No Data,3.0,3.0,2.0,2.0,No Data,No Data,1.0,1.0,4.0,1.0,No Data,1.0,No Data,10.0,9,16,11.0,17.0,13,31,27.0,1,2.0,2.0,12,14,8,25.0,7,10,8,7.0,16.0,15,17,49,66,9,9,12,11,17,10,24,49,8,11,24,26,5,47,39,22.0,14,14,15,8,20,26,11,11,19,16,18,13,7.0,14.0,2.0,16,16,17.0,21.0,18.0,21,31.0,18.0,18,17,27,32,13.0,19,12.0,12,24.0,24,25.0,12,12.0,17.0,16,29,41,24,43,30.0,9,10,22,13,19.0,15.0,7,16,18.0,17.0,31,14.0,34,27,29,27,22,55,24,19,16,19,22,20,81,13,8,20,39,21.0,28.0,14,33,11.0,23.0,42.0,28.0,51,44.0,36,42,46,33,No Data,22,13,No Data,26.0,20.0,29,51,14.0,30.0,23.0,34,No Data,22.0,47,No Data,No Data,2.0,No Data,No Data,No Data,No Data,No Data,No Data,No Data,No Data,11.0,16.0,4,12.0,19,27,23,24,26.0,44,24,47.0,24,20.0,12.0,15.0,11.0,16,24,22,20.0,8,6.0,16.0,15.0,12,26,32.0,26,20.0,29.0,23.0,No Data,No Data,22.0,53,44.0,70,45.0,53,62,37.0,54,34,59,49,33,72,50.0,46.0,27.0,6,32,69,67.0,34.0,29,28,24.0,12.0,12,30.0,23,14.0,19.0,23.0,8,9.0,20.0,11.0,43,63.0,73.0,18.0,22.0,No Data,18.0,24.0,14,31,14.0,23,24.0,22.0,31,28.0,21,11.0,18,32.0,10.0,23.0,14,18,19.0,16,30,25.0,21,16.0,26,14,36,12.0,15
TG,1.0,1.0,No Data,No Data,1.0,4.0,3.0,No Data,4.0,1.0,No Data,1.0,1.0,2.0,No Data,2.0,1.0,No Data,3.0,No Data,1.0,2.0,1.0,No Data,2.0,No Data,1.0,1.0,1.0,1.0,No Data,No Data,No Data,1.0,1.0,1.0,3.0,2.0,No Data,No Data,1.0,1.0,1.0,2.0,4.0,No Data,No Data,3.0,No Data,1.0,No Data,2.0,No Data,2.0,1.0,1.0,No Data,No Data,4.0,No Data,2.0,No Data,No Data,2.0,1.0,No Data,No Data,1.0,1.0,1.0,No Data,1.0,No Data,No Data,No Data,No Data,1.0,No Data,No Data,1.0,1.0,2.0,No Data,No Data,2.0,No Data,No Data,3.0,1.0,2.0,1.0,2.0,1.0,No Data,1.0,1.0,3.0,1.0,1.0,1.0,2.0,5.0,3.0,5.0,1.0,No Data,No Data,4.0,11.0,29.0,72,51,272.0,92.0,157,103,117.0,6,4.0,2.0,103,91,82,44.0,63,80,127,120.0,125.0,69,106,132,107,111,81,83,146,147,90,83,85,98,111,70,70,104,79,72,131.0,92,74,112,84,67,70,55,46,86,91,86,197,216.0,51.0,37.0,65,46,87.0,66.0,64.0,96,65.0,49.0,25,35,35,31,42.0,42,41.0,38,41.0,37,44.0,29,28.0,37.0,52,68,97,43,37,33.0,27,52,46,53,32.0,39.0,36,26,26.0,13.0,21,63.0,26,19,40,53,33,34,20,28,34,28,37,50,58,56,41,63,28,73.0,56.0,58,84,47.0,56.0,53.0,32.0,104,65.0,82,111,138,71,No Data,98,86,No Data,42.0,50.0,55,52,51.0,41.0,49.0,41,No Data,24.0,58,No Data,No Data,No Data,No Data,No Data,No Data,No Data,No Data,No Data,No Data,No Data,40.0,39.0,19,30.0,40,59,29,22,70.0,76,73,39.0,65,97.0,41.0,35.0,65.0,63,45,59,51.0,56,31.0,23.0,47.0,50,65,49.0,73,41.0,44.0,88.0,No Data,No Data,140.0,44,35.0,44,119.0,99,92,69.0,68,41,127,240,194,75,52.0,39.0,28.0,39,37,57,130.0,160.0,37,37,30.0,44.0,79,68.0,44,96.0,91.0,175.0,93,65.0,56.0,70.0,97,115.0,126.0,110.0,76.0,No Data,99.0,144.0,108,102,158.0,105,166.0,48.0,188,84.0,42,159.0,63,117.0,143.0,81.0,69,36,68.0,59,93,126.0,125,105.0,52,61,132,32.0,150
TI,1.0,3.0,8.0,No Data,3.0,5.0,5.0,4.0,9.0,3.0,8.0,4.0,6.0,2.0,4.0,3.0,7.0,9.0,8.0,5.0,11.0,7.0,4.0,6.0,9.0,6.0,8.0,5.0,6.0,16.0,5.0,6.0,8.0,6.0,8.0,12.0,5.0,2.0,4.0,4.0,2.0,6.0,7.0,3.0,4.0,4.0,7.0,5.0,7.0,6.0,3.0,8.0,5.0,7.0,5.0,5.0,9.0,3.0,10.0,2.0,8.0,13.0,10.0,2.0,6.0,8.0,4.0,8.0,12.0,5.0,3.0,5.0,6.0,2.0,6.0,11.0,7.0,2.0,7.0,2.0,6.0,6.0,9.0,9.0,8.0,14.0,7.0,4.0,5.0,6.0,9.0,6.0,10.0,7.0,8.0,9.0,6.0,7.0,7.0,7.0,7.0,5.0,4.0,7.0,15.0,4.0,7.0,9.0,7.0,168.0,285,338,333.0,317.0,341,355,342.0,46,13.0,9.0,385,215,331,259.0,255,335,323,282.0,365.0,340,400,275,385,364,254,316,457,442,395,488,415,340,329,362,253,431,399,378,332.0,325,398,438,427,448,356,359,337,536,420,466,362,496.0,447.0,402.0,337,333,329.0,326.0,323.0,277,325.0,229.0,322,328,243,308,292.0,261,365.0,320,461.0,322,315.0,406,448.0,279.0,355,472,377,272,272,307.0,392,364,319,248,337.0,344.0,222,267,310.0,390.0,451,362.0,425,383,453,506,559,332,448,463,558,451,625,580,401,469,355,363,371,455.0,416.0,419,456,342.0,494.0,443.0,398.0,423,355.0,555,418,502,477,1.0,578,204,No Data,326.0,344.0,287,424,436.0,401.0,380.0,409,No Data,283.0,330,No Data,No Data,4.0,No Data,No Data,No Data,No Data,No Data,No Data,1.0,No Data,308.0,268.0,81,277.0,254,309,274,211,356.0,389,369,311.0,314,496.0,405.0,361.0,393.0,343,378,466,284.0,250,201.0,271.0,384.0,347,437,445.0,277,205.0,169.0,255.0,1.0,No Data,482.0,392,353.0,463,509.0,782,394,253.0,339,406,401,533,381,462,458.0,561.0,455.0,469,603,512,591.0,608.0,513,513,608.0,408.0,405,499.0,489,589.0,533.0,510.0,609,486.0,434.0,434.0,366,342.0,274.0,329.0,417.0,1.0,494.0,435.0,376,477,497.0,519,432.0,391.0,622,434.0,406,623.0,570,534.0,710.0,657.0,556,691,429.0,522,547,524.0,684,448.0,525,519,630,427.0,443
UR,No Data,1.0,1.0,2.0,1.0,1.0,1.0,No Data,2.0,1.0,No Data,No Data,1.0,2.0,3.0,No Data,1.0,1.0,1.0,No Data,No Data,No Data,No Data,No Data,No Data,1.0,No Data,3.0,1.0,2.0,No Data,No Data,No Data,1.0,No Data,1.0,1.0,No Data,No Data,3.0,2.0,1.0,No Data,No Data,No Data,1.0,No Data,2.0,1.0,1.0,4.0,No Data,2.0,6.0,1.0,2.0,7.0,2.0,8.0,2.0,5.0,No Data,3.0,1.0,No Data,2.0,No Data,1.0,1.0,No Data,No Data,1.0,No Data,1.0,No Data,No Data,1.0,No Data,No Data,1.0,No Data,2.0,2.0,2.0,No Data,1.0,No Data,No Data,No Data,No Data,No Data,No Data,No Data,No Data,1.0,1.0,1.0,1.0,1.0,1.0,1.0,No Data,2.0,1.0,1.0,1.0,3.0,2.0,No Data,1.0,2,2,2.0,1.0,3,4,No Data,1,No Data,No Data,1,5,2,4.0,6,4,1,1.0,2.0,2,6,5,6,10,4,22,22,7,7,26,15,6,4,2,14,10,16,4,7.0,9,9,4,6,9,1,3,1,14,6,4,12,3.0,6.0,5.0,4,1,6.0,10.0,9.0,3,3.0,3.0,5,3,7,8,2.0,1,5.0,1,2.0,12,5.0,5,5.0,6.0,1,8,9,26,18,11.0,18,6,17,3,29.0,8.0,6,3,8.0,8.0,7,13.0,7,8,11,9,5,7,8,9,8,18,9,12,17,13,1,56,14,11.0,21.0,40,16,5.0,2.0,1.0,3.0,14,27.0,14,5,5,6,No Data,10,4,No Data,8.0,7.0,6,5,No Data,2.0,5.0,4,No Data,3.0,6,No Data,No Data,No Data,No Data,No Data,No Data,No Data,No Data,No Data,No Data,No Data,19.0,10.0,7,14.0,5,12,4,5,13.0,15,10,14.0,11,4.0,7.0,16.0,13.0,8,3,10,5.0,4,5.0,7.0,16.0,12,11,4.0,3,3.0,12.0,5.0,1.0,No Data,2.0,4,12.0,4,5.0,15,5,1.0,2,2,8,1,4,19,7.0,4.0,3.0,5,9,5,4.0,No Data,4,1,4.0,6.0,5,2.0,6,5.0,2.0,3.0,2,5.0,4.0,1.0,6,7.0,1.0,6.0,2.0,No Data,1.0,1.0,3,2,3.0,3,1.0,6.0,10,15.0,6,4.0,3,2.0,No Data,No Data,9,1,1.0,8,6,10.0,5,4.0,8,5,4,10.0,9
VD,24.0,18.0,23.0,18.0,49.0,27.0,33.0,21.0,13.0,25.0,19.0,24.0,23.0,37.0,12.0,26.0,27.0,65.0,49.0,60.0,13.0,21.0,55.0,33.0,46.0,25.0,30.0,22.0,13.0,37.0,51.0,38.0,28.0,35.0,20.0,23.0,38.0,25.0,22.0,30.0,32.0,14.0,11.0,23.0,24.0,26.0,31.0,42.0,24.0,16.0,35.0,31.0,54.0,58.0,32.0,10.0,15.0,54.0,42.0,24.0,23.0,47.0,39.0,40.0,42.0,28.0,40.0,39.0,42.0,31.0,21.0,41.0,42.0,33.0,33.0,51.0,39.0,27.0,30.0,42.0,30.0,53.0,35.0,34.0,23.0,21.0,26.0,31.0,37.0,17.0,22.0,30.0,64.0,44.0,24.0,33.0,29.0,34.0,7.0,15.0,21.0,31.0,44.0,65.0,15.0,27.0,41.0,74.0,55.0,443.0,723,510,711.0,410.0,646,698,430.0,69,29.0,37.0,443,486,827,407.0,436,458,603,428.0,526.0,497,591,456,431,673,520,499,603,483,518,386,393,565,637,480,515,626,545,602,472.0,416,674,480,512,504,584,611,758,720,465,667,517,831.0,601.0,595.0,639,727,752.0,460.0,632.0,623,632.0,626.0,461,511,667,578,577.0,718,684.0,566,497.0,511,739.0,653,677.0,808.0,884,637,694,665,670,585.0,731,708,789,567,539.0,752.0,257,515,744.0,765.0,646,627.0,637,693,793,679,841,638,682,931,876,910,845,700,790,882,1352,1267,975,901.0,972.0,689,1050,951.0,947.0,947.0,529.0,795,625.0,544,800,920,765,7.0,1004,349,1.0,682.0,929.0,893,866,820.0,829.0,633.0,653,No Data,570.0,544,No Data,1.0,No Data,2.0,2.0,1.0,No Data,No Data,1.0,1.0,No Data,849.0,1160.0,376,815.0,1264,1250,1026,781,731.0,713,740,932.0,956,1092.0,816.0,823.0,812.0,865,615,1032,864.0,814,820.0,787.0,930.0,1044,1273,1231.0,1422,1318.0,1472.0,1335.0,No Data,No Data,1391.0,1748,1817.0,1582,1737.0,1750,2064,895.0,1133,1236,1453,1268,1621,1723,1457.0,1716.0,1385.0,1239,1686,1686,1817.0,1519.0,1322,1621,1611.0,1645.0,1383,1564.0,1293,1037.0,1459.0,1267.0,1441,1400.0,1447.0,1200.0,1055,1027.0,866.0,1075.0,1294.0,No Data,1315.0,1186.0,1115,1019,1079.0,1242,1308.0,1214.0,1168,1345.0,1282,1335.0,1116,1225.0,1189.0,1176.0,1006,1105,762.0,1070,1121,1342.0,1271,1270.0,1302,1152,1120,1265.0,1375
VS,25.0,14.0,18.0,13.0,32.0,32.0,8.0,7.0,9.0,13.0,17.0,10.0,20.0,19.0,16.0,6.0,18.0,11.0,15.0,17.0,21.0,13.0,6.0,22.0,25.0,7.0,16.0,20.0,10.0,17.0,10.0,10.0,6.0,12.0,11.0,9.0,8.0,10.0,20.0,23.0,33.0,17.0,12.0,22.0,29.0,12.0,8.0,20.0,26.0,7.0,10.0,5.0,13.0,6.0,20.0,31.0,7.0,11.0,11.0,13.0,9.0,21.0,32.0,46.0,15.0,10.0,1.0,3.0,22.0,28.0,12.0,8.0,23.0,5.0,10.0,12.0,8.0,11.0,7.0,11.0,7.0,7.0,13.0,43.0,13.0,6.0,12.0,10.0,25.0,21.0,28.0,13.0,20.0,13.0,8.0,6.0,12.0,18.0,17.0,13.0,28.0,24.0,27.0,57.0,37.0,20.0,18.0,10.0,23.0,133.0,189,216,252.0,169.0,204,213,180.0,65,41.0,20.0,128,129,177,142.0,181,152,200,259.0,256.0,235,225,226,155,241,249,321,226,232,212,226,303,292,280,251,222,342,155,250,346.0,301,255,208,129,143,225,209,210,218,239,218,278,392.0,233.0,181.0,333,290,209.0,213.0,189.0,159,175.0,253.0,191,206,256,336,252.0,320,298.0,231,319.0,188,268.0,370,226.0,188.0,170,221,207,171,146,155.0,141,164,234,208,188.0,143.0,105,210,198.0,248.0,239,278.0,219,271,218,372,420,247,235,221,578,512,387,405,517,453,459,385,453,342.0,500.0,532,405,258.0,228.0,314.0,204.0,260,342.0,326,289,252,294,1.0,229,125,2.0,178.0,223.0,230,196,277.0,206.0,259.0,182,No Data,186.0,240,No Data,No Data,No Data,No Data,No Data,No Data,No Data,No Data,No Data,No Data,No Data,246.0,268.0,105,195.0,243,210,262,284,279.0,428,345,329.0,389,373.0,322.0,359.0,261.0,359,471,560,457.0,410,319.0,356.0,331.0,257,311,484.0,256,248.0,227.0,202.0,1.0,1.0,310.0,233,204.0,402,397.0,347,389,215.0,481,740,763,610,471,426,297.0,405.0,268.0,287,273,260,265.0,319.0,289,339,357.0,364.0,378,445.0,261,221.0,311.0,271.0,199,262.0,273.0,254.0,200,264.0,198.0,211.0,396.0,3.0,211.0,249.0,264,195,358.0,419,402.0,371.0,351,406.0,486,412.0,391,453.0,425.0,412.0,404,351,355.0,502,505,506.0,541,585.0,657,669,753,875.0,905
ZG,1.0,1.0,1.0,1.0,5.0,3.0,2.0,2.0,5.0,No Data,No Data,4.0,No Data,No Data,3.0,3.0,2.0,2.0,2.0,2.0,1.0,1.0,3.0,2.0,1.0,5.0,11.0,5.0,3.0,1.0,12.0,4.0,26.0,39.0,No Data,3.0,27.0,7.0,6.0,23.0,11.0,14.0,21.0,4.0,7.0,6.0,17.0,12.0,2.0,1.0,16.0,9.0,8.0,18.0,11.0,44.0,2.0,75.0,11.0,18.0,8.0,14.0,21.0,4.0,3.0,20.0,34.0,23.0,26.0,15.0,1.0,6.0,26.0,5.0,12.0,15.0,No Data,5.0,5.0,13.0,12.0,7.0,3.0,5.0,8.0,1.0,6.0,13.0,12.0,6.0,2.0,2.0,9.0,3.0,1.0,2.0,9.0,1.0,7.0,12.0,7.0,8.0,1.0,3.0,8.0,1.0,15.0,4.0,9.0,10.0,10,19,20.0,61.0,33,48,39.0,9,5.0,16.0,50,44,36,68.0,51,101,36,48.0,45.0,54,29,35,33,34,33,35,62,36,55,79,16,55,48,25,28,70,15,37,44.0,64,45,103,40,32,27,51,41,24,24,19,24,22.0,44.0,47.0,78,74,40.0,20.0,33.0,55,39.0,50.0,45,18,40,65,33.0,58,48.0,44,28.0,45,89.0,64,44.0,74.0,93,77,28,28,35,35.0,81,62,40,22,22.0,49.0,27,40,31.0,28.0,22,22.0,43,28,58,39,52,14,8,29,44,66,46,36,25,39,22,92,100,182.0,84.0,36,17,31.0,72.0,44.0,7.0,14,20.0,22,34,35,30,1.0,43,21,No Data,24.0,98.0,41,49,42.0,31.0,36.0,52,No Data,35.0,79,No Data,No Data,No Data,No Data,No Data,No Data,No Data,No Data,No Data,No Data,No Data,46.0,46.0,24,26.0,48,43,55,15,32.0,25,70,24.0,15,35.0,30.0,40.0,35.0,34,43,56,38.0,72,28.0,25.0,16.0,16,24,39.0,19,26.0,20.0,90.0,1.0,No Data,11.0,73,63.0,72,25.0,21,38,31.0,28,53,28,35,50,39,42.0,71.0,65.0,28,42,45,48.0,40.0,47,39,63.0,27.0,20,27.0,33,30.0,96.0,38.0,40,37.0,55.0,46.0,31,31.0,47.0,95.0,38.0,No Data,87.0,72.0,33,36,40.0,16,38.0,55.0,38,27.0,41,37.0,38,30.0,23.0,27.0,25,42,34.0,22,20,23.0,23,24.0,30,43,19,25.0,29
ZH,65.0,67.0,88.0,72.0,115.0,75.0,49.0,54.0,83.0,85.0,86.0,96.0,122.0,62.0,62.0,83.0,92.0,111.0,66.0,89.0,50.0,47.0,83.0,107.0,67.0,97.0,77.0,54.0,60.0,111.0,77.0,84.0,78.0,110.0,73.0,53.0,78.0,105.0,77.0,96.0,85.0,92.0,85.0,86.0,137.0,149.0,80.0,95.0,71.0,63.0,64.0,82.0,103.0,68.0,86.0,59.0,53.0,80.0,68.0,96.0,86.0,94.0,74.0,79.0,80.0,67.0,121.0,97.0,85.0,74.0,43.0,112.0,140.0,144.0,100.0,105.0,90.0,49.0,84.0,76.0,115.0,79.0,83.0,79.0,73.0,116.0,71.0,106.0,160.0,102.0,69.0,64.0,67.0,124.0,134.0,89.0,63.0,74.0,69.0,57.0,87.0,97.0,69.0,99.0,73.0,66.0,87.0,132.0,115.0,522.0,801,824,782.0,708.0,774,800,754.0,151,79.0,53.0,485,653,733,934.0,822,773,911,1125.0,919.0,1007,1107,804,788,769,682,928,851,721,784,829,911,764,831,658,686,795,836,646,684.0,982,799,927,1058,875,1005,944,838,759,1047,964,824,646.0,906.0,742.0,891,656,825.0,752.0,746.0,762,935.0,843.0,717,894,754,737,726.0,965,1014.0,938,750.0,583,811.0,763,700.0,692.0,745,740,692,853,882,834.0,824,1007,1172,1038,986.0,901.0,420,773,896.0,1080.0,833,798.0,977,791,1052,927,1361,884,631,923,987,926,1002,930,996,1169,1106,1085,1077,1073.0,1144.0,1124,1035,1039.0,1263.0,1334.0,930.0,1192,1273.0,879,1033,853,885,8.0,1048,465,15.0,808.0,986.0,1074,968,958.0,889.0,1050.0,781,8.0,780.0,925,1.0,No Data,4.0,4.0,5.0,1.0,1.0,1.0,No Data,2.0,2.0,612.0,923.0,297,799.0,920,996,1053,777,918.0,972,1167,859.0,825,822.0,861.0,948.0,1044.0,897,885,856,887.0,1024,775.0,958.0,1071.0,782,780,787.0,859,798.0,903.0,979.0,5.0,2.0,929.0,1160,976.0,1009,1078.0,1063,1032,714.0,962,945,976,1097,914,1017,915.0,911.0,912.0,798,888,927,1239.0,1009.0,1054,905,903.0,940.0,1041,925.0,947,840.0,866.0,848.0,1016,877.0,814.0,819.0,995,855.0,921.0,699.0,741.0,3.0,738.0,903.0,1001,882,1157.0,952,941.0,904.0,985,959.0,828,812.0,822,802.0,728.0,764.0,728,780,902.0,819,793,647.0,662,695.0,807,733,728,801.0,904
